--
-- PostgreSQL database dump
--

-- Dumped from database version 15.3 (Debian 15.3-1.pgdg120+1)
-- Dumped by pg_dump version 15.3 (Debian 15.3-1.pgdg120+1)

SET statement_timeout = 0;
SET lock_timeout = 0;
SET idle_in_transaction_session_timeout = 0;
SET client_encoding = 'UTF8';
SET standard_conforming_strings = on;
SELECT pg_catalog.set_config('search_path', '', false);
SET check_function_bodies = false;
SET xmloption = content;
SET client_min_messages = warning;
SET row_security = off;

SET default_tablespace = '';

SET default_table_access_method = heap;

--
-- Name: auth_group; Type: TABLE; Schema: public; Owner: postgres
--

CREATE TABLE public.auth_group (
    id integer NOT NULL,
    name character varying(150) NOT NULL
);


ALTER TABLE public.auth_group OWNER TO postgres;

--
-- Name: auth_group_id_seq; Type: SEQUENCE; Schema: public; Owner: postgres
--

ALTER TABLE public.auth_group ALTER COLUMN id ADD GENERATED BY DEFAULT AS IDENTITY (
    SEQUENCE NAME public.auth_group_id_seq
    START WITH 1
    INCREMENT BY 1
    NO MINVALUE
    NO MAXVALUE
    CACHE 1
);


--
-- Name: auth_group_permissions; Type: TABLE; Schema: public; Owner: postgres
--

CREATE TABLE public.auth_group_permissions (
    id bigint NOT NULL,
    group_id integer NOT NULL,
    permission_id integer NOT NULL
);


ALTER TABLE public.auth_group_permissions OWNER TO postgres;

--
-- Name: auth_group_permissions_id_seq; Type: SEQUENCE; Schema: public; Owner: postgres
--

ALTER TABLE public.auth_group_permissions ALTER COLUMN id ADD GENERATED BY DEFAULT AS IDENTITY (
    SEQUENCE NAME public.auth_group_permissions_id_seq
    START WITH 1
    INCREMENT BY 1
    NO MINVALUE
    NO MAXVALUE
    CACHE 1
);


--
-- Name: auth_permission; Type: TABLE; Schema: public; Owner: postgres
--

CREATE TABLE public.auth_permission (
    id integer NOT NULL,
    name character varying(255) NOT NULL,
    content_type_id integer NOT NULL,
    codename character varying(100) NOT NULL
);


ALTER TABLE public.auth_permission OWNER TO postgres;

--
-- Name: auth_permission_id_seq; Type: SEQUENCE; Schema: public; Owner: postgres
--

ALTER TABLE public.auth_permission ALTER COLUMN id ADD GENERATED BY DEFAULT AS IDENTITY (
    SEQUENCE NAME public.auth_permission_id_seq
    START WITH 1
    INCREMENT BY 1
    NO MINVALUE
    NO MAXVALUE
    CACHE 1
);


--
-- Name: auth_user; Type: TABLE; Schema: public; Owner: postgres
--

CREATE TABLE public.auth_user (
    id integer NOT NULL,
    password character varying(128) NOT NULL,
    last_login timestamp with time zone,
    is_superuser boolean NOT NULL,
    username character varying(150) NOT NULL,
    first_name character varying(150) NOT NULL,
    last_name character varying(150) NOT NULL,
    email character varying(254) NOT NULL,
    is_staff boolean NOT NULL,
    is_active boolean NOT NULL,
    date_joined timestamp with time zone NOT NULL
);


ALTER TABLE public.auth_user OWNER TO postgres;

--
-- Name: auth_user_groups; Type: TABLE; Schema: public; Owner: postgres
--

CREATE TABLE public.auth_user_groups (
    id bigint NOT NULL,
    user_id integer NOT NULL,
    group_id integer NOT NULL
);


ALTER TABLE public.auth_user_groups OWNER TO postgres;

--
-- Name: auth_user_groups_id_seq; Type: SEQUENCE; Schema: public; Owner: postgres
--

ALTER TABLE public.auth_user_groups ALTER COLUMN id ADD GENERATED BY DEFAULT AS IDENTITY (
    SEQUENCE NAME public.auth_user_groups_id_seq
    START WITH 1
    INCREMENT BY 1
    NO MINVALUE
    NO MAXVALUE
    CACHE 1
);


--
-- Name: auth_user_id_seq; Type: SEQUENCE; Schema: public; Owner: postgres
--

ALTER TABLE public.auth_user ALTER COLUMN id ADD GENERATED BY DEFAULT AS IDENTITY (
    SEQUENCE NAME public.auth_user_id_seq
    START WITH 1
    INCREMENT BY 1
    NO MINVALUE
    NO MAXVALUE
    CACHE 1
);


--
-- Name: auth_user_user_permissions; Type: TABLE; Schema: public; Owner: postgres
--

CREATE TABLE public.auth_user_user_permissions (
    id bigint NOT NULL,
    user_id integer NOT NULL,
    permission_id integer NOT NULL
);


ALTER TABLE public.auth_user_user_permissions OWNER TO postgres;

--
-- Name: auth_user_user_permissions_id_seq; Type: SEQUENCE; Schema: public; Owner: postgres
--

ALTER TABLE public.auth_user_user_permissions ALTER COLUMN id ADD GENERATED BY DEFAULT AS IDENTITY (
    SEQUENCE NAME public.auth_user_user_permissions_id_seq
    START WITH 1
    INCREMENT BY 1
    NO MINVALUE
    NO MAXVALUE
    CACHE 1
);


--
-- Name: django_admin_log; Type: TABLE; Schema: public; Owner: postgres
--

CREATE TABLE public.django_admin_log (
    id integer NOT NULL,
    action_time timestamp with time zone NOT NULL,
    object_id text,
    object_repr character varying(200) NOT NULL,
    action_flag smallint NOT NULL,
    change_message text NOT NULL,
    content_type_id integer,
    user_id integer NOT NULL,
    CONSTRAINT django_admin_log_action_flag_check CHECK ((action_flag >= 0))
);


ALTER TABLE public.django_admin_log OWNER TO postgres;

--
-- Name: django_admin_log_id_seq; Type: SEQUENCE; Schema: public; Owner: postgres
--

ALTER TABLE public.django_admin_log ALTER COLUMN id ADD GENERATED BY DEFAULT AS IDENTITY (
    SEQUENCE NAME public.django_admin_log_id_seq
    START WITH 1
    INCREMENT BY 1
    NO MINVALUE
    NO MAXVALUE
    CACHE 1
);


--
-- Name: django_content_type; Type: TABLE; Schema: public; Owner: postgres
--

CREATE TABLE public.django_content_type (
    id integer NOT NULL,
    app_label character varying(100) NOT NULL,
    model character varying(100) NOT NULL
);


ALTER TABLE public.django_content_type OWNER TO postgres;

--
-- Name: django_content_type_id_seq; Type: SEQUENCE; Schema: public; Owner: postgres
--

ALTER TABLE public.django_content_type ALTER COLUMN id ADD GENERATED BY DEFAULT AS IDENTITY (
    SEQUENCE NAME public.django_content_type_id_seq
    START WITH 1
    INCREMENT BY 1
    NO MINVALUE
    NO MAXVALUE
    CACHE 1
);


--
-- Name: django_migrations; Type: TABLE; Schema: public; Owner: postgres
--

CREATE TABLE public.django_migrations (
    id bigint NOT NULL,
    app character varying(255) NOT NULL,
    name character varying(255) NOT NULL,
    applied timestamp with time zone NOT NULL
);


ALTER TABLE public.django_migrations OWNER TO postgres;

--
-- Name: django_migrations_id_seq; Type: SEQUENCE; Schema: public; Owner: postgres
--

ALTER TABLE public.django_migrations ALTER COLUMN id ADD GENERATED BY DEFAULT AS IDENTITY (
    SEQUENCE NAME public.django_migrations_id_seq
    START WITH 1
    INCREMENT BY 1
    NO MINVALUE
    NO MAXVALUE
    CACHE 1
);


--
-- Name: django_session; Type: TABLE; Schema: public; Owner: postgres
--

CREATE TABLE public.django_session (
    session_key character varying(40) NOT NULL,
    session_data text NOT NULL,
    expire_date timestamp with time zone NOT NULL
);


ALTER TABLE public.django_session OWNER TO postgres;

--
-- Name: memory_memory; Type: TABLE; Schema: public; Owner: postgres
--

CREATE TABLE public.memory_memory (
    id bigint NOT NULL,
    title character varying(200) NOT NULL,
    created_date timestamp with time zone NOT NULL
);


ALTER TABLE public.memory_memory OWNER TO postgres;

--
-- Name: memory_memory_id_seq; Type: SEQUENCE; Schema: public; Owner: postgres
--

ALTER TABLE public.memory_memory ALTER COLUMN id ADD GENERATED BY DEFAULT AS IDENTITY (
    SEQUENCE NAME public.memory_memory_id_seq
    START WITH 1
    INCREMENT BY 1
    NO MINVALUE
    NO MAXVALUE
    CACHE 1
);


--
-- Name: memory_memoryreview; Type: TABLE; Schema: public; Owner: postgres
--

CREATE TABLE public.memory_memoryreview (
    id bigint NOT NULL,
    reviewed boolean NOT NULL,
    memory_id bigint NOT NULL,
    review_date_id bigint NOT NULL
);


ALTER TABLE public.memory_memoryreview OWNER TO postgres;

--
-- Name: memory_memoryreview_id_seq; Type: SEQUENCE; Schema: public; Owner: postgres
--

ALTER TABLE public.memory_memoryreview ALTER COLUMN id ADD GENERATED BY DEFAULT AS IDENTITY (
    SEQUENCE NAME public.memory_memoryreview_id_seq
    START WITH 1
    INCREMENT BY 1
    NO MINVALUE
    NO MAXVALUE
    CACHE 1
);


--
-- Name: memory_reviewdate; Type: TABLE; Schema: public; Owner: postgres
--

CREATE TABLE public.memory_reviewdate (
    id bigint NOT NULL,
    date date NOT NULL
);


ALTER TABLE public.memory_reviewdate OWNER TO postgres;

--
-- Name: memory_reviewdate_id_seq; Type: SEQUENCE; Schema: public; Owner: postgres
--

ALTER TABLE public.memory_reviewdate ALTER COLUMN id ADD GENERATED BY DEFAULT AS IDENTITY (
    SEQUENCE NAME public.memory_reviewdate_id_seq
    START WITH 1
    INCREMENT BY 1
    NO MINVALUE
    NO MAXVALUE
    CACHE 1
);


--
-- Data for Name: auth_group; Type: TABLE DATA; Schema: public; Owner: postgres
--

COPY public.auth_group (id, name) FROM stdin;
\.


--
-- Data for Name: auth_group_permissions; Type: TABLE DATA; Schema: public; Owner: postgres
--

COPY public.auth_group_permissions (id, group_id, permission_id) FROM stdin;
\.


--
-- Data for Name: auth_permission; Type: TABLE DATA; Schema: public; Owner: postgres
--

COPY public.auth_permission (id, name, content_type_id, codename) FROM stdin;
1	Can add log entry	1	add_logentry
2	Can change log entry	1	change_logentry
3	Can delete log entry	1	delete_logentry
4	Can view log entry	1	view_logentry
5	Can add permission	2	add_permission
6	Can change permission	2	change_permission
7	Can delete permission	2	delete_permission
8	Can view permission	2	view_permission
9	Can add group	3	add_group
10	Can change group	3	change_group
11	Can delete group	3	delete_group
12	Can view group	3	view_group
13	Can add user	4	add_user
14	Can change user	4	change_user
15	Can delete user	4	delete_user
16	Can view user	4	view_user
17	Can add content type	5	add_contenttype
18	Can change content type	5	change_contenttype
19	Can delete content type	5	delete_contenttype
20	Can view content type	5	view_contenttype
21	Can add session	6	add_session
22	Can change session	6	change_session
23	Can delete session	6	delete_session
24	Can view session	6	view_session
25	Can add memory	7	add_memory
26	Can change memory	7	change_memory
27	Can delete memory	7	delete_memory
28	Can view memory	7	view_memory
29	Can add review date	8	add_reviewdate
30	Can change review date	8	change_reviewdate
31	Can delete review date	8	delete_reviewdate
32	Can view review date	8	view_reviewdate
33	Can add memory review	9	add_memoryreview
34	Can change memory review	9	change_memoryreview
35	Can delete memory review	9	delete_memoryreview
36	Can view memory review	9	view_memoryreview
\.


--
-- Data for Name: auth_user; Type: TABLE DATA; Schema: public; Owner: postgres
--

COPY public.auth_user (id, password, last_login, is_superuser, username, first_name, last_name, email, is_staff, is_active, date_joined) FROM stdin;
\.


--
-- Data for Name: auth_user_groups; Type: TABLE DATA; Schema: public; Owner: postgres
--

COPY public.auth_user_groups (id, user_id, group_id) FROM stdin;
\.


--
-- Data for Name: auth_user_user_permissions; Type: TABLE DATA; Schema: public; Owner: postgres
--

COPY public.auth_user_user_permissions (id, user_id, permission_id) FROM stdin;
\.


--
-- Data for Name: django_admin_log; Type: TABLE DATA; Schema: public; Owner: postgres
--

COPY public.django_admin_log (id, action_time, object_id, object_repr, action_flag, change_message, content_type_id, user_id) FROM stdin;
\.


--
-- Data for Name: django_content_type; Type: TABLE DATA; Schema: public; Owner: postgres
--

COPY public.django_content_type (id, app_label, model) FROM stdin;
1	admin	logentry
2	auth	permission
3	auth	group
4	auth	user
5	contenttypes	contenttype
6	sessions	session
7	memory	memory
8	memory	reviewdate
9	memory	memoryreview
\.


--
-- Data for Name: django_migrations; Type: TABLE DATA; Schema: public; Owner: postgres
--

COPY public.django_migrations (id, app, name, applied) FROM stdin;
1	contenttypes	0001_initial	2023-08-20 20:13:23.593554+00
2	auth	0001_initial	2023-08-20 20:13:23.64051+00
3	admin	0001_initial	2023-08-20 20:13:23.654931+00
4	admin	0002_logentry_remove_auto_add	2023-08-20 20:13:23.659627+00
5	admin	0003_logentry_add_action_flag_choices	2023-08-20 20:13:23.664367+00
6	contenttypes	0002_remove_content_type_name	2023-08-20 20:13:23.672971+00
7	auth	0002_alter_permission_name_max_length	2023-08-20 20:13:23.679355+00
8	auth	0003_alter_user_email_max_length	2023-08-20 20:13:23.684417+00
9	auth	0004_alter_user_username_opts	2023-08-20 20:13:23.689206+00
10	auth	0005_alter_user_last_login_null	2023-08-20 20:13:23.696193+00
11	auth	0006_require_contenttypes_0002	2023-08-20 20:13:23.700743+00
12	auth	0007_alter_validators_add_error_messages	2023-08-20 20:13:23.705891+00
13	auth	0008_alter_user_username_max_length	2023-08-20 20:13:23.716208+00
14	auth	0009_alter_user_last_name_max_length	2023-08-20 20:13:23.722977+00
15	auth	0010_alter_group_name_max_length	2023-08-20 20:13:23.730258+00
16	auth	0011_update_proxy_permissions	2023-08-20 20:13:23.737855+00
17	auth	0012_alter_user_first_name_max_length	2023-08-20 20:13:23.749152+00
18	memory	0001_initial	2023-08-20 20:13:23.771343+00
19	sessions	0001_initial	2023-08-20 20:13:23.779853+00
\.


--
-- Data for Name: django_session; Type: TABLE DATA; Schema: public; Owner: postgres
--

COPY public.django_session (session_key, session_data, expire_date) FROM stdin;
\.


--
-- Data for Name: memory_memory; Type: TABLE DATA; Schema: public; Owner: postgres
--

COPY public.memory_memory (id, title, created_date) FROM stdin;
2	13.1	2023-08-20 21:41:20.879949+00
4	primitive type (python)	2023-08-21 00:54:00.482444+00
3	11.1	2023-08-20 21:41:46.675133+00
5	dirty work (doc)	2023-08-21 05:31:55.522816+00
6	走遍美国2	2023-08-21 23:14:48.920813+00
7	Django Knowledge	2023-08-22 04:12:39.736735+00
9	heaps	2023-08-22 05:39:05.758346+00
12	10.1	2023-08-23 06:32:21.329459+00
13	python::iterator	2023-08-23 06:32:27.918527+00
14	python::logical data structure vs ADT	2023-08-23 15:15:13.109587+00
15	hash table libraries	2023-08-26 04:16:37.441227+00
16	12.2	2023-08-26 21:40:48.582143+00
17	12.1	2023-08-26 21:41:12.829623+00
18	coding interview feedback	2023-08-27 03:49:23.375994+00
19	coding interview question(347. Top K Frequent Elements)	2023-08-27 03:51:26.119684+00
20	10. heaps_libraries	2023-08-27 04:48:57.877488+00
21	heap和hash_map联系	2023-08-27 05:28:58.901327+00
22	走遍美国3	2023-08-28 04:55:24.008594+00
23	resume	2023-08-28 17:09:10.709747+00
24	heap和hash_map联系::heap boot camp 空间复杂度分析O(n)和O(k)	2023-08-29 04:43:55.573401+00
25	692. Top K Frequent Words	2023-08-29 05:53:43.328211+00
26	heaps_library::min_heap.sort(reverse=True)	2023-08-30 06:14:57.347114+00
27	6. strings boot camp	2023-08-31 02:29:31.984314+00
28	6. string libraries	2023-08-31 03:41:54.290578+00
29	6.1	2023-08-31 05:05:57.314956+00
30	卡片692需要记忆：heap.sort之后 for输出和pop输出的区别	2023-08-31 05:26:50.982358+00
31	健身（碳循环）	2023-09-03 21:26:46.001796+00
32	find dynamic and static dependency of an executable	2023-09-03 21:26:51.150827+00
33	strings boot camp::python s[-1]机制	2023-09-04 06:03:05.730889+00
34	6.0	2023-09-04 17:16:27.756758+00
35	5. Top Tips on Array	2023-09-04 17:44:45.501471+00
\.


--
-- Data for Name: memory_memoryreview; Type: TABLE DATA; Schema: public; Owner: postgres
--

COPY public.memory_memoryreview (id, reviewed, memory_id, review_date_id) FROM stdin;
12	f	2	6
18	f	3	6
24	f	4	6
30	f	5	6
19	t	4	1
32	f	6	3
33	f	6	7
34	f	6	8
35	f	6	9
36	f	6	10
40	f	7	9
41	f	7	10
25	t	5	1
13	t	3	1
7	t	2	1
50	f	9	9
51	f	9	10
20	t	4	2
37	t	7	2
26	t	5	2
8	t	2	2
14	t	3	2
47	t	9	2
66	f	12	13
67	f	12	16
68	f	12	17
69	f	12	18
70	f	12	19
71	f	12	20
72	f	12	21
73	f	12	22
76	f	13	15
78	f	13	13
79	f	13	16
80	f	13	17
81	f	13	18
82	f	13	19
83	f	13	20
84	f	13	21
85	f	13	22
31	t	6	2
90	f	14	24
91	f	14	25
92	f	14	26
93	f	14	27
94	f	14	28
95	f	14	29
96	f	14	30
97	f	14	31
21	t	4	3
74	t	13	3
27	t	5	3
62	t	12	3
9	t	2	3
15	t	3	3
38	t	7	7
86	t	14	7
75	t	13	7
48	t	9	7
63	t	12	7
87	t	14	11
102	f	15	33
103	f	15	34
104	f	15	35
105	f	15	36
106	f	15	37
107	f	15	38
108	f	15	39
109	f	15	40
98	t	15	15
114	f	16	42
115	f	16	43
116	f	16	44
117	f	16	45
118	f	16	46
119	f	16	47
120	f	16	48
121	f	16	49
126	f	17	42
127	f	17	43
128	f	17	44
129	f	17	45
130	f	17	46
131	f	17	47
132	f	17	48
133	f	17	49
64	t	12	15
138	f	18	42
139	f	18	43
140	f	18	44
141	f	18	45
142	f	18	46
143	f	18	47
144	f	18	48
145	f	18	49
150	f	19	42
151	f	19	43
152	f	19	44
153	f	19	45
154	f	19	46
16	t	3	4
28	t	5	4
122	t	17	4
99	t	15	4
110	t	16	4
88	t	14	4
134	t	18	4
146	t	19	4
39	t	7	8
49	t	9	8
135	t	18	8
147	t	19	8
123	t	17	8
111	t	16	8
65	t	12	12
77	t	13	12
136	t	18	23
148	t	19	23
89	t	14	23
124	t	17	23
112	t	16	23
101	t	15	32
137	t	18	41
149	t	19	41
125	t	17	41
113	t	16	41
11	t	2	5
17	t	3	5
23	t	4	5
155	f	19	47
156	f	19	48
157	f	19	49
162	f	20	42
163	f	20	43
164	f	20	44
165	f	20	45
166	f	20	46
167	f	20	47
168	f	20	48
169	f	20	49
174	f	21	42
175	f	21	43
176	f	21	44
177	f	21	45
178	f	21	46
179	f	21	47
180	f	21	48
181	f	21	49
10	t	2	4
22	t	4	4
158	t	20	4
170	t	21	4
182	f	22	8
184	f	22	50
186	f	22	51
187	f	22	52
188	f	22	53
189	f	22	54
190	f	22	55
191	f	22	56
192	f	22	57
193	f	22	58
197	f	23	9
198	f	23	59
199	f	23	6
200	f	23	60
201	f	23	61
202	f	23	62
203	f	23	63
204	f	23	64
205	f	23	65
171	t	21	8
159	t	20	8
209	f	24	9
210	f	24	59
211	f	24	6
212	f	24	60
213	f	24	61
214	f	24	62
215	f	24	63
216	f	24	64
217	f	24	65
221	f	25	9
222	f	25	59
223	f	25	6
224	f	25	60
225	f	25	61
226	f	25	62
227	f	25	63
228	f	25	64
229	f	25	65
183	t	22	12
194	t	23	12
100	t	15	12
218	t	25	12
233	f	26	13
234	f	26	16
235	f	26	10
236	f	26	66
237	f	26	67
238	f	26	68
239	f	26	69
240	f	26	70
241	f	26	71
206	t	24	12
245	f	27	24
246	f	27	25
247	f	27	14
248	f	27	72
249	f	27	73
250	f	27	74
251	f	27	75
252	f	27	76
253	f	27	77
257	f	28	24
258	f	28	25
259	f	28	14
260	f	28	72
261	f	28	73
262	f	28	74
263	f	28	75
264	f	28	76
265	f	28	77
269	f	29	24
270	f	29	25
271	f	29	14
272	f	29	72
273	f	29	73
274	f	29	74
275	f	29	75
276	f	29	76
277	f	29	77
281	f	30	24
282	f	30	25
283	f	30	14
284	f	30	72
285	f	30	73
286	f	30	74
195	t	23	23
160	t	20	23
172	t	21	23
207	t	24	23
230	t	26	23
266	t	29	50
242	t	27	50
254	t	28	50
231	t	26	50
196	t	23	32
208	t	24	32
243	t	27	32
255	t	28	32
279	t	30	32
267	t	29	32
220	t	25	32
173	t	21	41
161	t	20	41
232	t	26	41
268	t	29	5
244	t	27	5
256	t	28	5
280	t	30	5
287	f	30	75
288	f	30	76
289	f	30	77
219	t	25	23
278	t	30	50
290	f	31	9
291	f	31	13
292	f	31	78
293	f	31	51
294	f	31	52
295	f	31	35
296	f	31	79
297	f	31	80
298	f	31	81
299	f	31	82
300	f	31	83
301	f	31	84
302	f	32	9
303	f	32	13
304	f	32	78
305	f	32	51
306	f	32	52
307	f	32	35
308	f	32	79
309	f	32	80
310	f	32	81
311	f	32	82
312	f	32	83
313	f	32	84
314	f	33	9
315	f	33	13
316	f	33	78
317	f	33	51
318	f	33	52
319	f	33	35
320	f	33	79
321	f	33	80
322	f	33	81
323	f	33	82
324	f	33	83
325	f	33	84
29	t	5	5
185	t	22	5
326	f	34	13
327	f	34	24
328	f	34	33
329	f	34	59
330	f	34	6
331	f	34	44
332	f	34	85
333	f	34	86
334	f	34	87
335	f	34	88
336	f	34	89
337	f	34	90
338	f	35	13
339	f	35	24
340	f	35	33
341	f	35	59
342	f	35	6
343	f	35	44
344	f	35	85
345	f	35	86
346	f	35	87
347	f	35	88
348	f	35	89
349	f	35	90
\.


--
-- Data for Name: memory_reviewdate; Type: TABLE DATA; Schema: public; Owner: postgres
--

COPY public.memory_reviewdate (id, date) FROM stdin;
1	2023-08-21
2	2023-08-22
3	2023-08-23
4	2023-08-27
5	2023-09-03
6	2023-09-18
7	2023-08-24
8	2023-08-28
9	2023-09-04
10	2023-09-19
11	2023-08-25
12	2023-08-29
13	2023-09-05
14	2023-09-20
15	2023-08-26
16	2023-09-12
17	2023-09-21
18	2023-10-06
19	2023-10-21
20	2023-11-20
21	2023-12-20
22	2024-01-19
23	2023-08-30
24	2023-09-06
25	2023-09-13
26	2023-09-22
27	2023-10-07
28	2023-10-22
29	2023-11-21
30	2023-12-21
31	2024-01-20
32	2023-09-01
33	2023-09-08
34	2023-09-15
35	2023-09-24
36	2023-10-09
37	2023-10-24
38	2023-11-23
39	2023-12-23
40	2024-01-22
41	2023-09-02
42	2023-09-09
43	2023-09-16
44	2023-09-25
45	2023-10-10
46	2023-10-25
47	2023-11-24
48	2023-12-24
49	2024-01-23
50	2023-08-31
51	2023-09-10
52	2023-09-17
53	2023-09-26
54	2023-10-11
55	2023-10-26
56	2023-11-25
57	2023-12-25
58	2024-01-24
59	2023-09-11
60	2023-09-27
61	2023-10-12
62	2023-10-27
63	2023-11-26
64	2023-12-26
65	2024-01-25
66	2023-09-28
67	2023-10-13
68	2023-10-28
69	2023-11-27
70	2023-12-27
71	2024-01-26
72	2023-09-29
73	2023-10-14
74	2023-10-29
75	2023-11-28
76	2023-12-28
77	2024-01-27
78	2023-09-07
79	2023-10-03
80	2023-10-18
81	2023-11-02
82	2023-12-02
83	2024-01-01
84	2024-01-31
85	2023-10-04
86	2023-10-19
87	2023-11-03
88	2023-12-03
89	2024-01-02
90	2024-02-01
\.


--
-- Name: auth_group_id_seq; Type: SEQUENCE SET; Schema: public; Owner: postgres
--

SELECT pg_catalog.setval('public.auth_group_id_seq', 1, false);


--
-- Name: auth_group_permissions_id_seq; Type: SEQUENCE SET; Schema: public; Owner: postgres
--

SELECT pg_catalog.setval('public.auth_group_permissions_id_seq', 1, false);


--
-- Name: auth_permission_id_seq; Type: SEQUENCE SET; Schema: public; Owner: postgres
--

SELECT pg_catalog.setval('public.auth_permission_id_seq', 36, true);


--
-- Name: auth_user_groups_id_seq; Type: SEQUENCE SET; Schema: public; Owner: postgres
--

SELECT pg_catalog.setval('public.auth_user_groups_id_seq', 1, false);


--
-- Name: auth_user_id_seq; Type: SEQUENCE SET; Schema: public; Owner: postgres
--

SELECT pg_catalog.setval('public.auth_user_id_seq', 1, false);


--
-- Name: auth_user_user_permissions_id_seq; Type: SEQUENCE SET; Schema: public; Owner: postgres
--

SELECT pg_catalog.setval('public.auth_user_user_permissions_id_seq', 1, false);


--
-- Name: django_admin_log_id_seq; Type: SEQUENCE SET; Schema: public; Owner: postgres
--

SELECT pg_catalog.setval('public.django_admin_log_id_seq', 1, false);


--
-- Name: django_content_type_id_seq; Type: SEQUENCE SET; Schema: public; Owner: postgres
--

SELECT pg_catalog.setval('public.django_content_type_id_seq', 9, true);


--
-- Name: django_migrations_id_seq; Type: SEQUENCE SET; Schema: public; Owner: postgres
--

SELECT pg_catalog.setval('public.django_migrations_id_seq', 19, true);


--
-- Name: memory_memory_id_seq; Type: SEQUENCE SET; Schema: public; Owner: postgres
--

SELECT pg_catalog.setval('public.memory_memory_id_seq', 35, true);


--
-- Name: memory_memoryreview_id_seq; Type: SEQUENCE SET; Schema: public; Owner: postgres
--

SELECT pg_catalog.setval('public.memory_memoryreview_id_seq', 349, true);


--
-- Name: memory_reviewdate_id_seq; Type: SEQUENCE SET; Schema: public; Owner: postgres
--

SELECT pg_catalog.setval('public.memory_reviewdate_id_seq', 90, true);


--
-- Name: auth_group auth_group_name_key; Type: CONSTRAINT; Schema: public; Owner: postgres
--

ALTER TABLE ONLY public.auth_group
    ADD CONSTRAINT auth_group_name_key UNIQUE (name);


--
-- Name: auth_group_permissions auth_group_permissions_group_id_permission_id_0cd325b0_uniq; Type: CONSTRAINT; Schema: public; Owner: postgres
--

ALTER TABLE ONLY public.auth_group_permissions
    ADD CONSTRAINT auth_group_permissions_group_id_permission_id_0cd325b0_uniq UNIQUE (group_id, permission_id);


--
-- Name: auth_group_permissions auth_group_permissions_pkey; Type: CONSTRAINT; Schema: public; Owner: postgres
--

ALTER TABLE ONLY public.auth_group_permissions
    ADD CONSTRAINT auth_group_permissions_pkey PRIMARY KEY (id);


--
-- Name: auth_group auth_group_pkey; Type: CONSTRAINT; Schema: public; Owner: postgres
--

ALTER TABLE ONLY public.auth_group
    ADD CONSTRAINT auth_group_pkey PRIMARY KEY (id);


--
-- Name: auth_permission auth_permission_content_type_id_codename_01ab375a_uniq; Type: CONSTRAINT; Schema: public; Owner: postgres
--

ALTER TABLE ONLY public.auth_permission
    ADD CONSTRAINT auth_permission_content_type_id_codename_01ab375a_uniq UNIQUE (content_type_id, codename);


--
-- Name: auth_permission auth_permission_pkey; Type: CONSTRAINT; Schema: public; Owner: postgres
--

ALTER TABLE ONLY public.auth_permission
    ADD CONSTRAINT auth_permission_pkey PRIMARY KEY (id);


--
-- Name: auth_user_groups auth_user_groups_pkey; Type: CONSTRAINT; Schema: public; Owner: postgres
--

ALTER TABLE ONLY public.auth_user_groups
    ADD CONSTRAINT auth_user_groups_pkey PRIMARY KEY (id);


--
-- Name: auth_user_groups auth_user_groups_user_id_group_id_94350c0c_uniq; Type: CONSTRAINT; Schema: public; Owner: postgres
--

ALTER TABLE ONLY public.auth_user_groups
    ADD CONSTRAINT auth_user_groups_user_id_group_id_94350c0c_uniq UNIQUE (user_id, group_id);


--
-- Name: auth_user auth_user_pkey; Type: CONSTRAINT; Schema: public; Owner: postgres
--

ALTER TABLE ONLY public.auth_user
    ADD CONSTRAINT auth_user_pkey PRIMARY KEY (id);


--
-- Name: auth_user_user_permissions auth_user_user_permissions_pkey; Type: CONSTRAINT; Schema: public; Owner: postgres
--

ALTER TABLE ONLY public.auth_user_user_permissions
    ADD CONSTRAINT auth_user_user_permissions_pkey PRIMARY KEY (id);


--
-- Name: auth_user_user_permissions auth_user_user_permissions_user_id_permission_id_14a6b632_uniq; Type: CONSTRAINT; Schema: public; Owner: postgres
--

ALTER TABLE ONLY public.auth_user_user_permissions
    ADD CONSTRAINT auth_user_user_permissions_user_id_permission_id_14a6b632_uniq UNIQUE (user_id, permission_id);


--
-- Name: auth_user auth_user_username_key; Type: CONSTRAINT; Schema: public; Owner: postgres
--

ALTER TABLE ONLY public.auth_user
    ADD CONSTRAINT auth_user_username_key UNIQUE (username);


--
-- Name: django_admin_log django_admin_log_pkey; Type: CONSTRAINT; Schema: public; Owner: postgres
--

ALTER TABLE ONLY public.django_admin_log
    ADD CONSTRAINT django_admin_log_pkey PRIMARY KEY (id);


--
-- Name: django_content_type django_content_type_app_label_model_76bd3d3b_uniq; Type: CONSTRAINT; Schema: public; Owner: postgres
--

ALTER TABLE ONLY public.django_content_type
    ADD CONSTRAINT django_content_type_app_label_model_76bd3d3b_uniq UNIQUE (app_label, model);


--
-- Name: django_content_type django_content_type_pkey; Type: CONSTRAINT; Schema: public; Owner: postgres
--

ALTER TABLE ONLY public.django_content_type
    ADD CONSTRAINT django_content_type_pkey PRIMARY KEY (id);


--
-- Name: django_migrations django_migrations_pkey; Type: CONSTRAINT; Schema: public; Owner: postgres
--

ALTER TABLE ONLY public.django_migrations
    ADD CONSTRAINT django_migrations_pkey PRIMARY KEY (id);


--
-- Name: django_session django_session_pkey; Type: CONSTRAINT; Schema: public; Owner: postgres
--

ALTER TABLE ONLY public.django_session
    ADD CONSTRAINT django_session_pkey PRIMARY KEY (session_key);


--
-- Name: memory_memory memory_memory_pkey; Type: CONSTRAINT; Schema: public; Owner: postgres
--

ALTER TABLE ONLY public.memory_memory
    ADD CONSTRAINT memory_memory_pkey PRIMARY KEY (id);


--
-- Name: memory_memoryreview memory_memoryreview_pkey; Type: CONSTRAINT; Schema: public; Owner: postgres
--

ALTER TABLE ONLY public.memory_memoryreview
    ADD CONSTRAINT memory_memoryreview_pkey PRIMARY KEY (id);


--
-- Name: memory_reviewdate memory_reviewdate_pkey; Type: CONSTRAINT; Schema: public; Owner: postgres
--

ALTER TABLE ONLY public.memory_reviewdate
    ADD CONSTRAINT memory_reviewdate_pkey PRIMARY KEY (id);


--
-- Name: auth_group_name_a6ea08ec_like; Type: INDEX; Schema: public; Owner: postgres
--

CREATE INDEX auth_group_name_a6ea08ec_like ON public.auth_group USING btree (name varchar_pattern_ops);


--
-- Name: auth_group_permissions_group_id_b120cbf9; Type: INDEX; Schema: public; Owner: postgres
--

CREATE INDEX auth_group_permissions_group_id_b120cbf9 ON public.auth_group_permissions USING btree (group_id);


--
-- Name: auth_group_permissions_permission_id_84c5c92e; Type: INDEX; Schema: public; Owner: postgres
--

CREATE INDEX auth_group_permissions_permission_id_84c5c92e ON public.auth_group_permissions USING btree (permission_id);


--
-- Name: auth_permission_content_type_id_2f476e4b; Type: INDEX; Schema: public; Owner: postgres
--

CREATE INDEX auth_permission_content_type_id_2f476e4b ON public.auth_permission USING btree (content_type_id);


--
-- Name: auth_user_groups_group_id_97559544; Type: INDEX; Schema: public; Owner: postgres
--

CREATE INDEX auth_user_groups_group_id_97559544 ON public.auth_user_groups USING btree (group_id);


--
-- Name: auth_user_groups_user_id_6a12ed8b; Type: INDEX; Schema: public; Owner: postgres
--

CREATE INDEX auth_user_groups_user_id_6a12ed8b ON public.auth_user_groups USING btree (user_id);


--
-- Name: auth_user_user_permissions_permission_id_1fbb5f2c; Type: INDEX; Schema: public; Owner: postgres
--

CREATE INDEX auth_user_user_permissions_permission_id_1fbb5f2c ON public.auth_user_user_permissions USING btree (permission_id);


--
-- Name: auth_user_user_permissions_user_id_a95ead1b; Type: INDEX; Schema: public; Owner: postgres
--

CREATE INDEX auth_user_user_permissions_user_id_a95ead1b ON public.auth_user_user_permissions USING btree (user_id);


--
-- Name: auth_user_username_6821ab7c_like; Type: INDEX; Schema: public; Owner: postgres
--

CREATE INDEX auth_user_username_6821ab7c_like ON public.auth_user USING btree (username varchar_pattern_ops);


--
-- Name: django_admin_log_content_type_id_c4bce8eb; Type: INDEX; Schema: public; Owner: postgres
--

CREATE INDEX django_admin_log_content_type_id_c4bce8eb ON public.django_admin_log USING btree (content_type_id);


--
-- Name: django_admin_log_user_id_c564eba6; Type: INDEX; Schema: public; Owner: postgres
--

CREATE INDEX django_admin_log_user_id_c564eba6 ON public.django_admin_log USING btree (user_id);


--
-- Name: django_session_expire_date_a5c62663; Type: INDEX; Schema: public; Owner: postgres
--

CREATE INDEX django_session_expire_date_a5c62663 ON public.django_session USING btree (expire_date);


--
-- Name: django_session_session_key_c0390e0f_like; Type: INDEX; Schema: public; Owner: postgres
--

CREATE INDEX django_session_session_key_c0390e0f_like ON public.django_session USING btree (session_key varchar_pattern_ops);


--
-- Name: memory_memoryreview_memory_id_98c6e9b0; Type: INDEX; Schema: public; Owner: postgres
--

CREATE INDEX memory_memoryreview_memory_id_98c6e9b0 ON public.memory_memoryreview USING btree (memory_id);


--
-- Name: memory_memoryreview_review_date_id_9d3fb61f; Type: INDEX; Schema: public; Owner: postgres
--

CREATE INDEX memory_memoryreview_review_date_id_9d3fb61f ON public.memory_memoryreview USING btree (review_date_id);


--
-- Name: auth_group_permissions auth_group_permissio_permission_id_84c5c92e_fk_auth_perm; Type: FK CONSTRAINT; Schema: public; Owner: postgres
--

ALTER TABLE ONLY public.auth_group_permissions
    ADD CONSTRAINT auth_group_permissio_permission_id_84c5c92e_fk_auth_perm FOREIGN KEY (permission_id) REFERENCES public.auth_permission(id) DEFERRABLE INITIALLY DEFERRED;


--
-- Name: auth_group_permissions auth_group_permissions_group_id_b120cbf9_fk_auth_group_id; Type: FK CONSTRAINT; Schema: public; Owner: postgres
--

ALTER TABLE ONLY public.auth_group_permissions
    ADD CONSTRAINT auth_group_permissions_group_id_b120cbf9_fk_auth_group_id FOREIGN KEY (group_id) REFERENCES public.auth_group(id) DEFERRABLE INITIALLY DEFERRED;


--
-- Name: auth_permission auth_permission_content_type_id_2f476e4b_fk_django_co; Type: FK CONSTRAINT; Schema: public; Owner: postgres
--

ALTER TABLE ONLY public.auth_permission
    ADD CONSTRAINT auth_permission_content_type_id_2f476e4b_fk_django_co FOREIGN KEY (content_type_id) REFERENCES public.django_content_type(id) DEFERRABLE INITIALLY DEFERRED;


--
-- Name: auth_user_groups auth_user_groups_group_id_97559544_fk_auth_group_id; Type: FK CONSTRAINT; Schema: public; Owner: postgres
--

ALTER TABLE ONLY public.auth_user_groups
    ADD CONSTRAINT auth_user_groups_group_id_97559544_fk_auth_group_id FOREIGN KEY (group_id) REFERENCES public.auth_group(id) DEFERRABLE INITIALLY DEFERRED;


--
-- Name: auth_user_groups auth_user_groups_user_id_6a12ed8b_fk_auth_user_id; Type: FK CONSTRAINT; Schema: public; Owner: postgres
--

ALTER TABLE ONLY public.auth_user_groups
    ADD CONSTRAINT auth_user_groups_user_id_6a12ed8b_fk_auth_user_id FOREIGN KEY (user_id) REFERENCES public.auth_user(id) DEFERRABLE INITIALLY DEFERRED;


--
-- Name: auth_user_user_permissions auth_user_user_permi_permission_id_1fbb5f2c_fk_auth_perm; Type: FK CONSTRAINT; Schema: public; Owner: postgres
--

ALTER TABLE ONLY public.auth_user_user_permissions
    ADD CONSTRAINT auth_user_user_permi_permission_id_1fbb5f2c_fk_auth_perm FOREIGN KEY (permission_id) REFERENCES public.auth_permission(id) DEFERRABLE INITIALLY DEFERRED;


--
-- Name: auth_user_user_permissions auth_user_user_permissions_user_id_a95ead1b_fk_auth_user_id; Type: FK CONSTRAINT; Schema: public; Owner: postgres
--

ALTER TABLE ONLY public.auth_user_user_permissions
    ADD CONSTRAINT auth_user_user_permissions_user_id_a95ead1b_fk_auth_user_id FOREIGN KEY (user_id) REFERENCES public.auth_user(id) DEFERRABLE INITIALLY DEFERRED;


--
-- Name: django_admin_log django_admin_log_content_type_id_c4bce8eb_fk_django_co; Type: FK CONSTRAINT; Schema: public; Owner: postgres
--

ALTER TABLE ONLY public.django_admin_log
    ADD CONSTRAINT django_admin_log_content_type_id_c4bce8eb_fk_django_co FOREIGN KEY (content_type_id) REFERENCES public.django_content_type(id) DEFERRABLE INITIALLY DEFERRED;


--
-- Name: django_admin_log django_admin_log_user_id_c564eba6_fk_auth_user_id; Type: FK CONSTRAINT; Schema: public; Owner: postgres
--

ALTER TABLE ONLY public.django_admin_log
    ADD CONSTRAINT django_admin_log_user_id_c564eba6_fk_auth_user_id FOREIGN KEY (user_id) REFERENCES public.auth_user(id) DEFERRABLE INITIALLY DEFERRED;


--
-- Name: memory_memoryreview memory_memoryreview_memory_id_98c6e9b0_fk_memory_memory_id; Type: FK CONSTRAINT; Schema: public; Owner: postgres
--

ALTER TABLE ONLY public.memory_memoryreview
    ADD CONSTRAINT memory_memoryreview_memory_id_98c6e9b0_fk_memory_memory_id FOREIGN KEY (memory_id) REFERENCES public.memory_memory(id) DEFERRABLE INITIALLY DEFERRED;


--
-- Name: memory_memoryreview memory_memoryreview_review_date_id_9d3fb61f_fk_memory_re; Type: FK CONSTRAINT; Schema: public; Owner: postgres
--

ALTER TABLE ONLY public.memory_memoryreview
    ADD CONSTRAINT memory_memoryreview_review_date_id_9d3fb61f_fk_memory_re FOREIGN KEY (review_date_id) REFERENCES public.memory_reviewdate(id) DEFERRABLE INITIALLY DEFERRED;


--
-- PostgreSQL database dump complete
--

