--
-- PostgreSQL database dump
--

-- Dumped from database version 15.3 (Debian 15.3-1.pgdg120+1)
-- Dumped by pg_dump version 15.3 (Debian 15.3-1.pgdg120+1)

SET statement_timeout = 0;
SET lock_timeout = 0;
SET idle_in_transaction_session_timeout = 0;
SET client_encoding = 'UTF8';
SET standard_conforming_strings = on;
SELECT pg_catalog.set_config('search_path', '', false);
SET check_function_bodies = false;
SET xmloption = content;
SET client_min_messages = warning;
SET row_security = off;

SET default_tablespace = '';

SET default_table_access_method = heap;

--
-- Name: auth_group; Type: TABLE; Schema: public; Owner: postgres
--

CREATE TABLE public.auth_group (
    id integer NOT NULL,
    name character varying(150) NOT NULL
);


ALTER TABLE public.auth_group OWNER TO postgres;

--
-- Name: auth_group_id_seq; Type: SEQUENCE; Schema: public; Owner: postgres
--

ALTER TABLE public.auth_group ALTER COLUMN id ADD GENERATED BY DEFAULT AS IDENTITY (
    SEQUENCE NAME public.auth_group_id_seq
    START WITH 1
    INCREMENT BY 1
    NO MINVALUE
    NO MAXVALUE
    CACHE 1
);


--
-- Name: auth_group_permissions; Type: TABLE; Schema: public; Owner: postgres
--

CREATE TABLE public.auth_group_permissions (
    id bigint NOT NULL,
    group_id integer NOT NULL,
    permission_id integer NOT NULL
);


ALTER TABLE public.auth_group_permissions OWNER TO postgres;

--
-- Name: auth_group_permissions_id_seq; Type: SEQUENCE; Schema: public; Owner: postgres
--

ALTER TABLE public.auth_group_permissions ALTER COLUMN id ADD GENERATED BY DEFAULT AS IDENTITY (
    SEQUENCE NAME public.auth_group_permissions_id_seq
    START WITH 1
    INCREMENT BY 1
    NO MINVALUE
    NO MAXVALUE
    CACHE 1
);


--
-- Name: auth_permission; Type: TABLE; Schema: public; Owner: postgres
--

CREATE TABLE public.auth_permission (
    id integer NOT NULL,
    name character varying(255) NOT NULL,
    content_type_id integer NOT NULL,
    codename character varying(100) NOT NULL
);


ALTER TABLE public.auth_permission OWNER TO postgres;

--
-- Name: auth_permission_id_seq; Type: SEQUENCE; Schema: public; Owner: postgres
--

ALTER TABLE public.auth_permission ALTER COLUMN id ADD GENERATED BY DEFAULT AS IDENTITY (
    SEQUENCE NAME public.auth_permission_id_seq
    START WITH 1
    INCREMENT BY 1
    NO MINVALUE
    NO MAXVALUE
    CACHE 1
);


--
-- Name: auth_user; Type: TABLE; Schema: public; Owner: postgres
--

CREATE TABLE public.auth_user (
    id integer NOT NULL,
    password character varying(128) NOT NULL,
    last_login timestamp with time zone,
    is_superuser boolean NOT NULL,
    username character varying(150) NOT NULL,
    first_name character varying(150) NOT NULL,
    last_name character varying(150) NOT NULL,
    email character varying(254) NOT NULL,
    is_staff boolean NOT NULL,
    is_active boolean NOT NULL,
    date_joined timestamp with time zone NOT NULL
);


ALTER TABLE public.auth_user OWNER TO postgres;

--
-- Name: auth_user_groups; Type: TABLE; Schema: public; Owner: postgres
--

CREATE TABLE public.auth_user_groups (
    id bigint NOT NULL,
    user_id integer NOT NULL,
    group_id integer NOT NULL
);


ALTER TABLE public.auth_user_groups OWNER TO postgres;

--
-- Name: auth_user_groups_id_seq; Type: SEQUENCE; Schema: public; Owner: postgres
--

ALTER TABLE public.auth_user_groups ALTER COLUMN id ADD GENERATED BY DEFAULT AS IDENTITY (
    SEQUENCE NAME public.auth_user_groups_id_seq
    START WITH 1
    INCREMENT BY 1
    NO MINVALUE
    NO MAXVALUE
    CACHE 1
);


--
-- Name: auth_user_id_seq; Type: SEQUENCE; Schema: public; Owner: postgres
--

ALTER TABLE public.auth_user ALTER COLUMN id ADD GENERATED BY DEFAULT AS IDENTITY (
    SEQUENCE NAME public.auth_user_id_seq
    START WITH 1
    INCREMENT BY 1
    NO MINVALUE
    NO MAXVALUE
    CACHE 1
);


--
-- Name: auth_user_user_permissions; Type: TABLE; Schema: public; Owner: postgres
--

CREATE TABLE public.auth_user_user_permissions (
    id bigint NOT NULL,
    user_id integer NOT NULL,
    permission_id integer NOT NULL
);


ALTER TABLE public.auth_user_user_permissions OWNER TO postgres;

--
-- Name: auth_user_user_permissions_id_seq; Type: SEQUENCE; Schema: public; Owner: postgres
--

ALTER TABLE public.auth_user_user_permissions ALTER COLUMN id ADD GENERATED BY DEFAULT AS IDENTITY (
    SEQUENCE NAME public.auth_user_user_permissions_id_seq
    START WITH 1
    INCREMENT BY 1
    NO MINVALUE
    NO MAXVALUE
    CACHE 1
);


--
-- Name: django_admin_log; Type: TABLE; Schema: public; Owner: postgres
--

CREATE TABLE public.django_admin_log (
    id integer NOT NULL,
    action_time timestamp with time zone NOT NULL,
    object_id text,
    object_repr character varying(200) NOT NULL,
    action_flag smallint NOT NULL,
    change_message text NOT NULL,
    content_type_id integer,
    user_id integer NOT NULL,
    CONSTRAINT django_admin_log_action_flag_check CHECK ((action_flag >= 0))
);


ALTER TABLE public.django_admin_log OWNER TO postgres;

--
-- Name: django_admin_log_id_seq; Type: SEQUENCE; Schema: public; Owner: postgres
--

ALTER TABLE public.django_admin_log ALTER COLUMN id ADD GENERATED BY DEFAULT AS IDENTITY (
    SEQUENCE NAME public.django_admin_log_id_seq
    START WITH 1
    INCREMENT BY 1
    NO MINVALUE
    NO MAXVALUE
    CACHE 1
);


--
-- Name: django_content_type; Type: TABLE; Schema: public; Owner: postgres
--

CREATE TABLE public.django_content_type (
    id integer NOT NULL,
    app_label character varying(100) NOT NULL,
    model character varying(100) NOT NULL
);


ALTER TABLE public.django_content_type OWNER TO postgres;

--
-- Name: django_content_type_id_seq; Type: SEQUENCE; Schema: public; Owner: postgres
--

ALTER TABLE public.django_content_type ALTER COLUMN id ADD GENERATED BY DEFAULT AS IDENTITY (
    SEQUENCE NAME public.django_content_type_id_seq
    START WITH 1
    INCREMENT BY 1
    NO MINVALUE
    NO MAXVALUE
    CACHE 1
);


--
-- Name: django_migrations; Type: TABLE; Schema: public; Owner: postgres
--

CREATE TABLE public.django_migrations (
    id bigint NOT NULL,
    app character varying(255) NOT NULL,
    name character varying(255) NOT NULL,
    applied timestamp with time zone NOT NULL
);


ALTER TABLE public.django_migrations OWNER TO postgres;

--
-- Name: django_migrations_id_seq; Type: SEQUENCE; Schema: public; Owner: postgres
--

ALTER TABLE public.django_migrations ALTER COLUMN id ADD GENERATED BY DEFAULT AS IDENTITY (
    SEQUENCE NAME public.django_migrations_id_seq
    START WITH 1
    INCREMENT BY 1
    NO MINVALUE
    NO MAXVALUE
    CACHE 1
);


--
-- Name: django_session; Type: TABLE; Schema: public; Owner: postgres
--

CREATE TABLE public.django_session (
    session_key character varying(40) NOT NULL,
    session_data text NOT NULL,
    expire_date timestamp with time zone NOT NULL
);


ALTER TABLE public.django_session OWNER TO postgres;

--
-- Name: memory_memory; Type: TABLE; Schema: public; Owner: postgres
--

CREATE TABLE public.memory_memory (
    id bigint NOT NULL,
    title character varying(200) NOT NULL,
    created_date timestamp with time zone NOT NULL
);


ALTER TABLE public.memory_memory OWNER TO postgres;

--
-- Name: memory_memory_id_seq; Type: SEQUENCE; Schema: public; Owner: postgres
--

ALTER TABLE public.memory_memory ALTER COLUMN id ADD GENERATED BY DEFAULT AS IDENTITY (
    SEQUENCE NAME public.memory_memory_id_seq
    START WITH 1
    INCREMENT BY 1
    NO MINVALUE
    NO MAXVALUE
    CACHE 1
);


--
-- Name: memory_memoryreview; Type: TABLE; Schema: public; Owner: postgres
--

CREATE TABLE public.memory_memoryreview (
    id bigint NOT NULL,
    reviewed boolean NOT NULL,
    memory_id bigint NOT NULL,
    review_date_id bigint NOT NULL
);


ALTER TABLE public.memory_memoryreview OWNER TO postgres;

--
-- Name: memory_memoryreview_id_seq; Type: SEQUENCE; Schema: public; Owner: postgres
--

ALTER TABLE public.memory_memoryreview ALTER COLUMN id ADD GENERATED BY DEFAULT AS IDENTITY (
    SEQUENCE NAME public.memory_memoryreview_id_seq
    START WITH 1
    INCREMENT BY 1
    NO MINVALUE
    NO MAXVALUE
    CACHE 1
);


--
-- Name: memory_reviewdate; Type: TABLE; Schema: public; Owner: postgres
--

CREATE TABLE public.memory_reviewdate (
    id bigint NOT NULL,
    date date NOT NULL
);


ALTER TABLE public.memory_reviewdate OWNER TO postgres;

--
-- Name: memory_reviewdate_id_seq; Type: SEQUENCE; Schema: public; Owner: postgres
--

ALTER TABLE public.memory_reviewdate ALTER COLUMN id ADD GENERATED BY DEFAULT AS IDENTITY (
    SEQUENCE NAME public.memory_reviewdate_id_seq
    START WITH 1
    INCREMENT BY 1
    NO MINVALUE
    NO MAXVALUE
    CACHE 1
);


--
-- Data for Name: auth_group; Type: TABLE DATA; Schema: public; Owner: postgres
--

COPY public.auth_group (id, name) FROM stdin;
\.


--
-- Data for Name: auth_group_permissions; Type: TABLE DATA; Schema: public; Owner: postgres
--

COPY public.auth_group_permissions (id, group_id, permission_id) FROM stdin;
\.


--
-- Data for Name: auth_permission; Type: TABLE DATA; Schema: public; Owner: postgres
--

COPY public.auth_permission (id, name, content_type_id, codename) FROM stdin;
1	Can add log entry	1	add_logentry
2	Can change log entry	1	change_logentry
3	Can delete log entry	1	delete_logentry
4	Can view log entry	1	view_logentry
5	Can add permission	2	add_permission
6	Can change permission	2	change_permission
7	Can delete permission	2	delete_permission
8	Can view permission	2	view_permission
9	Can add group	3	add_group
10	Can change group	3	change_group
11	Can delete group	3	delete_group
12	Can view group	3	view_group
13	Can add user	4	add_user
14	Can change user	4	change_user
15	Can delete user	4	delete_user
16	Can view user	4	view_user
17	Can add content type	5	add_contenttype
18	Can change content type	5	change_contenttype
19	Can delete content type	5	delete_contenttype
20	Can view content type	5	view_contenttype
21	Can add session	6	add_session
22	Can change session	6	change_session
23	Can delete session	6	delete_session
24	Can view session	6	view_session
25	Can add memory	7	add_memory
26	Can change memory	7	change_memory
27	Can delete memory	7	delete_memory
28	Can view memory	7	view_memory
29	Can add review date	8	add_reviewdate
30	Can change review date	8	change_reviewdate
31	Can delete review date	8	delete_reviewdate
32	Can view review date	8	view_reviewdate
33	Can add memory review	9	add_memoryreview
34	Can change memory review	9	change_memoryreview
35	Can delete memory review	9	delete_memoryreview
36	Can view memory review	9	view_memoryreview
\.


--
-- Data for Name: auth_user; Type: TABLE DATA; Schema: public; Owner: postgres
--

COPY public.auth_user (id, password, last_login, is_superuser, username, first_name, last_name, email, is_staff, is_active, date_joined) FROM stdin;
\.


--
-- Data for Name: auth_user_groups; Type: TABLE DATA; Schema: public; Owner: postgres
--

COPY public.auth_user_groups (id, user_id, group_id) FROM stdin;
\.


--
-- Data for Name: auth_user_user_permissions; Type: TABLE DATA; Schema: public; Owner: postgres
--

COPY public.auth_user_user_permissions (id, user_id, permission_id) FROM stdin;
\.


--
-- Data for Name: django_admin_log; Type: TABLE DATA; Schema: public; Owner: postgres
--

COPY public.django_admin_log (id, action_time, object_id, object_repr, action_flag, change_message, content_type_id, user_id) FROM stdin;
\.


--
-- Data for Name: django_content_type; Type: TABLE DATA; Schema: public; Owner: postgres
--

COPY public.django_content_type (id, app_label, model) FROM stdin;
1	admin	logentry
2	auth	permission
3	auth	group
4	auth	user
5	contenttypes	contenttype
6	sessions	session
7	memory	memory
8	memory	reviewdate
9	memory	memoryreview
\.


--
-- Data for Name: django_migrations; Type: TABLE DATA; Schema: public; Owner: postgres
--

COPY public.django_migrations (id, app, name, applied) FROM stdin;
1	contenttypes	0001_initial	2023-08-20 20:13:23.593554+00
2	auth	0001_initial	2023-08-20 20:13:23.64051+00
3	admin	0001_initial	2023-08-20 20:13:23.654931+00
4	admin	0002_logentry_remove_auto_add	2023-08-20 20:13:23.659627+00
5	admin	0003_logentry_add_action_flag_choices	2023-08-20 20:13:23.664367+00
6	contenttypes	0002_remove_content_type_name	2023-08-20 20:13:23.672971+00
7	auth	0002_alter_permission_name_max_length	2023-08-20 20:13:23.679355+00
8	auth	0003_alter_user_email_max_length	2023-08-20 20:13:23.684417+00
9	auth	0004_alter_user_username_opts	2023-08-20 20:13:23.689206+00
10	auth	0005_alter_user_last_login_null	2023-08-20 20:13:23.696193+00
11	auth	0006_require_contenttypes_0002	2023-08-20 20:13:23.700743+00
12	auth	0007_alter_validators_add_error_messages	2023-08-20 20:13:23.705891+00
13	auth	0008_alter_user_username_max_length	2023-08-20 20:13:23.716208+00
14	auth	0009_alter_user_last_name_max_length	2023-08-20 20:13:23.722977+00
15	auth	0010_alter_group_name_max_length	2023-08-20 20:13:23.730258+00
16	auth	0011_update_proxy_permissions	2023-08-20 20:13:23.737855+00
17	auth	0012_alter_user_first_name_max_length	2023-08-20 20:13:23.749152+00
18	memory	0001_initial	2023-08-20 20:13:23.771343+00
19	sessions	0001_initial	2023-08-20 20:13:23.779853+00
\.


--
-- Data for Name: django_session; Type: TABLE DATA; Schema: public; Owner: postgres
--

COPY public.django_session (session_key, session_data, expire_date) FROM stdin;
\.


--
-- Data for Name: memory_memory; Type: TABLE DATA; Schema: public; Owner: postgres
--

COPY public.memory_memory (id, title, created_date) FROM stdin;
2	13.1	2023-08-20 21:41:20.879949+00
4	primitive type (python)	2023-08-21 00:54:00.482444+00
3	11.1	2023-08-20 21:41:46.675133+00
5	dirty work (doc)	2023-08-21 05:31:55.522816+00
6	走遍美国2	2023-08-21 23:14:48.920813+00
7	Django Knowledge	2023-08-22 04:12:39.736735+00
103	java::override和overload	2023-10-08 21:56:10.212912+00
9	heaps	2023-08-22 05:39:05.758346+00
12	10.1	2023-08-23 06:32:21.329459+00
13	python::iterator	2023-08-23 06:32:27.918527+00
14	python::logical data structure vs ADT	2023-08-23 15:15:13.109587+00
15	hash table libraries	2023-08-26 04:16:37.441227+00
16	12.2	2023-08-26 21:40:48.582143+00
17	12.1	2023-08-26 21:41:12.829623+00
18	coding interview feedback	2023-08-27 03:49:23.375994+00
19	coding interview question(347. Top K Frequent Elements)	2023-08-27 03:51:26.119684+00
20	10. heaps_libraries	2023-08-27 04:48:57.877488+00
21	heap和hash_map联系	2023-08-27 05:28:58.901327+00
22	走遍美国3	2023-08-28 04:55:24.008594+00
23	resume	2023-08-28 17:09:10.709747+00
24	heap和hash_map联系::heap boot camp 空间复杂度分析O(n)和O(k)	2023-08-29 04:43:55.573401+00
25	692. Top K Frequent Words	2023-08-29 05:53:43.328211+00
26	heaps_library::min_heap.sort(reverse=True)	2023-08-30 06:14:57.347114+00
27	6. strings boot camp	2023-08-31 02:29:31.984314+00
28	6. string libraries	2023-08-31 03:41:54.290578+00
29	6.1	2023-08-31 05:05:57.314956+00
30	卡片692需要记忆：heap.sort之后 for输出和pop输出的区别	2023-08-31 05:26:50.982358+00
31	健身（碳循环）	2023-09-03 21:26:46.001796+00
32	find dynamic and static dependency of an executable	2023-09-03 21:26:51.150827+00
33	strings boot camp::python s[-1]机制	2023-09-04 06:03:05.730889+00
35	5. Top Tips on Array	2023-09-04 17:44:45.501471+00
34	5.0	2023-09-04 17:16:27.756758+00
36	BUG::10.1	2023-09-06 07:20:23.215125+00
37	Restful	2023-09-08 04:47:23.780451+00
38	5. array libraries	2023-09-10 01:06:55.835439+00
39	5.1	2023-09-10 05:26:08.322891+00
40	5.6	2023-09-10 05:26:11.775544+00
41	7.0 bootcamp	2023-09-10 15:50:30.58947+00
42	7.1	2023-09-10 16:18:07.775683+00
43	7 top tips for linked list	2023-09-10 17:49:20.317516+00
44	OA Feedback	2023-09-10 23:02:22.65759+00
45	12 hashtable::sort hash map according to value	2023-09-10 23:04:56.125057+00
46	6 string library:: dir获取信息	2023-09-10 23:32:44.426242+00
47	5. array libraries: slice and step	2023-09-10 23:58:52.11806+00
48	BUG::5.1	2023-09-11 06:38:57.592606+00
49	string::转各种进制	2023-09-12 06:33:46.799507+00
50	BUGS::7.1	2023-09-13 06:24:26.488679+00
51	BUGS::6.1	2023-09-14 07:12:09.613056+00
52	每日必看	2023-09-16 16:50:21.989228+00
53	coding style	2023-09-16 18:21:12.457755+00
54	9. binary trees	2023-09-18 01:47:04.218272+00
55	9. top tips for binary trees	2023-09-18 01:49:47.809284+00
56	9.1	2023-09-18 01:53:33.396845+00
57	9.2	2023-09-18 03:50:42.388898+00
58	15.0 recursion bootcamp	2023-09-18 06:19:09.057786+00
59	bugs::11.1	2023-09-19 07:18:49.211139+00
60	BUGS::9.1	2023-09-19 15:47:31.374828+00
61	BUGS::9.2	2023-09-20 06:41:02.37639+00
62	iterator::正确迭代iterator方法	2023-09-21 07:28:25.768738+00
63	5 array libraries::二维数组另一种创建方法(from hanoi)	2023-09-21 16:42:21.117878+00
64	15.1 hanoi	2023-09-21 18:41:49.90073+00
65	5 array libraries:: reversed(object) 2种对比	2023-09-22 05:24:40.241594+00
66	BUGS::15.1	2023-09-22 05:42:33.689513+00
67	5 array libraries::List vs list?	2023-09-22 05:43:08.658728+00
68	BUGS::8.1	2023-09-24 05:32:22.741237+00
69	5 top tips on array:: pattern（利用额外空间观察记录）	2023-09-24 17:29:49.266111+00
70	8.1	2023-09-26 01:46:28.377208+00
71	面试话术	2023-09-26 01:48:12.064851+00
72	5.18	2023-09-26 03:47:44.202214+00
73	5 array libraries::zip	2023-09-26 03:48:01.193801+00
74	6.2	2023-09-27 06:29:29.197884+00
75	6.4	2023-09-27 16:33:06.314488+00
76	每日必看::string题目经验总结	2023-09-27 16:49:02.670504+00
77	CSE341::Lec1	2023-09-27 22:19:33.7689+00
78	CSE341::OCaml	2023-09-27 22:19:41.929874+00
79	7.2	2023-09-28 01:07:56.246021+00
80	6 string::str.isalpha()	2023-09-28 17:43:16.046046+00
81	每日必看::string test case	2023-09-28 17:57:52.260561+00
82	5 top tips on array::array pattern2: mutliple pass	2023-09-28 20:43:58.453531+00
83	5 arr libraries::arr 同时赋两个值	2023-09-29 05:40:00.473678+00
84	CSE351::lec1,2	2023-09-29 20:26:21.339312+00
85	software design doc	2023-10-01 06:26:57.618407+00
86	CSE351::lec3	2023-10-02 19:55:09.68162+00
87	7.3	2023-10-03 00:16:42.289501+00
88	7 top tips for linked list:: a is b vs a == b	2023-10-03 00:17:25.511608+00
89	5 array libraries::python bfs + list	2023-10-03 00:51:37.334285+00
90	9.4	2023-10-03 04:42:06.887812+00
91	每日必看::arista反思	2023-10-05 16:35:15.098166+00
92	CSE341::Lec2	2023-10-05 23:11:04.563487+00
93	BUGS::9.4	2023-10-06 00:31:40.983069+00
94	11.4	2023-10-06 05:00:36.507437+00
95	12 hashtable library::OrderedDict, pop vs delete	2023-10-06 17:16:46.757635+00
96	12.3	2023-10-06 17:21:28.387409+00
97	12 hashtable library::popitem(last=False)	2023-10-06 17:30:31.31212+00
98	12.5	2023-10-07 00:25:48.366286+00
99	13.1	2023-10-07 00:57:03.830701+00
100	13.2	2023-10-07 01:36:39.936267+00
101	JAVA::Objects.equal	2023-10-07 22:12:56.735138+00
102	lab0	2023-10-07 22:13:04.370499+00
104	JAVA::抽象类和接口区别	2023-10-08 22:59:48.436744+00
105	CSE341::lec3	2023-10-09 05:11:00.656923+00
106	BUGS::12.3	2023-10-09 18:03:11.652464+00
107	CSE351::Lec4	2023-10-10 17:10:48.877172+00
108	cse341::hw1	2023-10-10 17:46:37.627905+00
109	CSE351::Lec5	2023-10-10 19:19:04.440359+00
110	CSE452::lab1	2023-10-11 06:17:27.929295+00
111	lox::lox.java	2023-10-13 02:05:33.076277+00
112	lox::4 scanning	2023-10-13 02:56:16.208756+00
113	cse341::lec7	2023-10-13 20:41:59.558644+00
114	CSE452::review	2023-10-14 01:34:42.659798+00
115	cs knowledge::stateless 和 distributed system中的state 理解	2023-10-14 04:02:37.703352+00
116	ocamlfuse	2023-10-14 04:29:40.965972+00
117	lox::4 scanning: string(), number(), comment()	2023-10-14 09:07:56.859151+00
118	lox::5 representing code	2023-10-14 20:43:35.083371+00
\.


--
-- Data for Name: memory_memoryreview; Type: TABLE DATA; Schema: public; Owner: postgres
--

COPY public.memory_memoryreview (id, reviewed, memory_id, review_date_id) FROM stdin;
19	t	4	1
32	f	6	3
33	f	6	7
34	f	6	8
35	f	6	9
36	f	6	10
25	t	5	1
13	t	3	1
7	t	2	1
20	t	4	2
37	t	7	2
26	t	5	2
8	t	2	2
14	t	3	2
47	t	9	2
70	f	12	19
71	f	12	20
72	f	12	21
73	f	12	22
76	f	13	15
82	f	13	19
83	f	13	20
84	f	13	21
85	f	13	22
31	t	6	2
94	f	14	28
95	f	14	29
96	f	14	30
97	f	14	31
21	t	4	3
74	t	13	3
27	t	5	3
62	t	12	3
9	t	2	3
15	t	3	3
38	t	7	7
86	t	14	7
75	t	13	7
48	t	9	7
63	t	12	7
87	t	14	11
104	f	15	35
106	f	15	37
107	f	15	38
108	f	15	39
109	f	15	40
98	t	15	15
118	f	16	46
119	f	16	47
120	f	16	48
121	f	16	49
130	f	17	46
131	f	17	47
132	f	17	48
133	f	17	49
64	t	12	15
142	f	18	46
143	f	18	47
144	f	18	48
145	f	18	49
154	f	19	46
16	t	3	4
28	t	5	4
122	t	17	4
99	t	15	4
110	t	16	4
88	t	14	4
134	t	18	4
146	t	19	4
39	t	7	8
49	t	9	8
135	t	18	8
147	t	19	8
123	t	17	8
111	t	16	8
65	t	12	12
77	t	13	12
136	t	18	23
148	t	19	23
89	t	14	23
124	t	17	23
112	t	16	23
101	t	15	32
137	t	18	41
149	t	19	41
125	t	17	41
113	t	16	41
11	t	2	5
17	t	3	5
23	t	4	5
40	t	7	9
50	t	9	9
78	t	13	13
66	t	12	13
90	t	14	24
102	t	15	33
126	t	17	42
114	t	16	42
150	t	19	42
138	t	18	42
79	t	13	16
67	t	12	16
91	t	14	25
103	t	15	34
151	t	19	43
127	t	17	43
115	t	16	43
24	t	4	6
30	t	5	6
12	t	2	6
18	t	3	6
41	t	7	10
51	t	9	10
80	t	13	17
68	t	12	17
92	t	14	26
140	t	18	44
152	t	19	44
128	t	17	44
81	t	13	18
69	t	12	18
93	t	14	27
105	t	15	36
141	t	18	45
129	t	17	45
117	t	16	45
153	t	19	45
155	f	19	47
156	f	19	48
157	f	19	49
166	f	20	46
167	f	20	47
168	f	20	48
169	f	20	49
178	f	21	46
179	f	21	47
180	f	21	48
181	f	21	49
10	t	2	4
22	t	4	4
158	t	20	4
170	t	21	4
182	f	22	8
184	f	22	50
186	f	22	51
187	f	22	52
188	f	22	53
190	f	22	55
191	f	22	56
192	f	22	57
193	f	22	58
202	f	23	62
203	f	23	63
204	f	23	64
205	f	23	65
171	t	21	8
159	t	20	8
214	f	24	62
215	f	24	63
216	f	24	64
217	f	24	65
226	f	25	62
227	f	25	63
228	f	25	64
229	f	25	65
183	t	22	12
194	t	23	12
100	t	15	12
218	t	25	12
238	f	26	68
239	f	26	69
240	f	26	70
241	f	26	71
206	t	24	12
250	f	27	74
251	f	27	75
252	f	27	76
253	f	27	77
262	f	28	74
263	f	28	75
264	f	28	76
265	f	28	77
273	f	29	73
274	f	29	74
275	f	29	75
276	f	29	76
277	f	29	77
286	f	30	74
195	t	23	23
160	t	20	23
172	t	21	23
207	t	24	23
230	t	26	23
266	t	29	50
242	t	27	50
254	t	28	50
231	t	26	50
196	t	23	32
208	t	24	32
243	t	27	32
255	t	28	32
279	t	30	32
267	t	29	32
220	t	25	32
173	t	21	41
161	t	20	41
232	t	26	41
268	t	29	5
244	t	27	5
256	t	28	5
280	t	30	5
197	t	23	9
209	t	24	9
221	t	25	9
233	t	26	13
257	t	28	24
245	t	27	24
281	t	30	24
269	t	29	24
162	t	20	42
174	t	21	42
198	t	23	59
210	t	24	59
222	t	25	59
234	t	26	16
258	t	28	25
246	t	27	25
270	t	29	25
163	t	20	43
175	t	21	43
199	t	23	6
211	t	24	6
223	t	25	6
235	t	26	10
283	t	30	14
247	t	27	14
271	t	29	14
259	t	28	14
176	t	21	44
200	t	23	60
212	t	24	60
224	t	25	60
236	t	26	66
284	t	30	72
248	t	27	72
260	t	28	72
272	t	29	72
165	t	20	45
177	t	21	45
189	t	22	54
201	t	23	61
213	t	24	61
225	t	25	61
249	t	27	73
261	t	28	73
285	t	30	73
287	f	30	75
288	f	30	76
289	f	30	77
219	t	25	23
278	t	30	50
297	f	31	80
298	f	31	81
299	f	31	82
300	f	31	83
301	f	31	84
309	f	32	80
310	f	32	81
311	f	32	82
312	f	32	83
313	f	32	84
321	f	33	80
322	f	33	81
323	f	33	82
324	f	33	83
325	f	33	84
29	t	5	5
185	t	22	5
333	f	34	86
334	f	34	87
335	f	34	88
336	f	34	89
337	f	34	90
340	f	35	33
345	f	35	86
346	f	35	87
347	f	35	88
348	f	35	89
349	f	35	90
290	t	31	9
314	t	33	9
302	t	32	9
315	t	33	13
303	t	32	13
338	t	35	13
291	t	31	13
326	t	34	13
357	f	36	19
358	f	36	91
359	f	36	92
360	f	36	93
361	f	36	94
339	t	35	24
327	t	34	24
369	f	37	28
370	f	37	96
371	f	37	97
372	f	37	98
373	f	37	99
292	t	31	78
350	t	36	78
316	t	33	78
304	t	32	78
362	t	37	33
351	t	36	33
328	t	34	33
381	f	38	37
382	f	38	102
383	f	38	103
384	f	38	104
385	f	38	105
393	f	39	37
394	f	39	102
395	f	39	103
396	f	39	104
397	f	39	105
405	f	40	37
406	f	40	102
407	f	40	103
408	f	40	104
409	f	40	105
363	t	37	42
374	t	38	51
317	t	33	51
305	t	32	51
386	t	39	51
398	t	40	51
293	t	31	51
364	t	37	59
375	t	38	59
341	t	35	59
329	t	34	59
387	t	39	59
399	t	40	59
410	t	41	59
411	t	41	16
353	t	36	25
388	t	39	25
400	t	40	25
365	t	37	95
412	t	41	95
377	t	38	43
389	t	39	43
401	t	40	43
318	t	33	52
413	t	41	52
306	t	32	52
294	t	31	52
342	t	35	6
330	t	34	6
366	t	37	17
378	t	38	100
390	t	39	100
402	t	40	100
295	t	31	35
319	t	33	35
307	t	32	35
414	t	41	35
343	t	35	44
331	t	34	44
355	t	36	60
367	t	37	66
379	t	38	101
391	t	39	101
415	t	41	106
320	t	33	79
308	t	32	79
296	t	31	79
344	t	35	85
332	t	34	85
356	t	36	18
368	t	37	27
380	t	38	36
392	t	39	36
404	t	40	36
416	t	41	45
417	f	41	46
418	f	41	107
419	f	41	108
420	f	41	109
421	f	41	110
427	f	42	106
429	f	42	46
430	f	42	107
431	f	42	108
432	f	42	109
433	f	42	110
441	f	43	46
442	f	43	107
443	f	43	108
444	f	43	109
445	f	43	110
453	f	44	46
454	f	44	107
455	f	44	108
456	f	44	109
457	f	44	110
465	f	45	46
466	f	45	107
467	f	45	108
468	f	45	109
469	f	45	110
477	f	46	46
478	f	46	107
479	f	46	108
480	f	46	109
481	f	46	110
489	f	47	46
490	f	47	107
491	f	47	108
492	f	47	109
493	f	47	110
352	t	36	51
501	f	48	46
502	f	48	107
503	f	48	108
504	f	48	109
505	f	48	110
470	t	46	59
494	t	48	59
482	t	47	59
458	t	45	59
446	t	44	59
513	f	49	55
514	f	49	112
515	f	49	113
516	f	49	114
517	f	49	115
434	t	43	59
422	t	42	59
506	t	49	16
495	t	48	16
483	t	47	16
471	t	46	16
459	t	45	16
447	t	44	16
435	t	43	16
525	f	50	62
526	f	50	116
527	f	50	117
528	f	50	118
529	f	50	119
423	t	42	16
282	t	30	25
507	t	49	25
376	t	38	25
518	t	50	25
537	f	51	74
538	f	51	121
539	f	51	122
540	f	51	123
541	f	51	124
424	t	42	95
436	t	43	95
448	t	44	95
460	t	45	95
472	t	46	95
484	t	47	95
496	t	48	95
519	t	50	95
508	t	49	34
530	t	51	34
531	t	51	43
542	t	52	52
497	t	48	52
485	t	47	52
473	t	46	52
437	t	43	52
449	t	44	52
425	t	42	52
543	t	52	6
532	t	51	6
509	t	49	6
521	t	50	10
544	t	52	14
533	t	51	17
545	t	52	100
474	t	46	35
462	t	45	35
450	t	44	35
498	t	48	35
486	t	47	35
426	t	42	35
510	t	49	44
522	t	50	53
534	t	51	66
546	t	52	101
487	t	47	106
475	t	46	106
463	t	45	106
439	t	43	106
451	t	44	106
499	t	48	106
511	t	49	111
523	t	50	79
547	t	52	27
440	t	43	45
452	t	44	45
500	t	48	45
476	t	46	45
464	t	45	45
488	t	47	45
428	t	42	45
512	t	49	54
524	t	50	61
536	t	51	73
548	f	52	125
549	f	52	126
550	f	52	127
551	f	52	128
552	f	52	129
553	f	52	130
560	f	53	125
561	f	53	126
562	f	53	127
563	f	53	128
564	f	53	129
565	f	53	130
139	t	18	43
520	t	50	43
572	f	54	132
573	f	54	133
574	f	54	134
575	f	54	135
576	f	54	136
577	f	54	137
584	f	55	132
585	f	55	133
586	f	55	134
587	f	55	135
588	f	55	136
589	f	55	137
594	f	56	106
595	f	56	131
596	f	56	132
597	f	56	133
598	f	56	134
599	f	56	135
600	f	56	136
601	f	56	137
606	f	57	106
607	f	57	131
608	f	57	132
609	f	57	133
610	f	57	134
611	f	57	135
612	f	57	136
613	f	57	137
554	t	53	52
461	t	45	52
620	f	58	132
621	f	58	133
622	f	58	134
623	f	58	135
624	f	58	136
625	f	58	137
555	t	53	6
566	t	54	6
578	t	55	6
614	t	58	6
632	f	59	86
633	f	59	87
634	f	59	138
635	f	59	139
636	f	59	140
637	f	59	141
590	t	56	6
602	t	57	6
644	f	60	86
645	f	60	87
646	f	60	142
647	f	60	143
648	f	60	144
649	f	60	145
615	t	58	10
567	t	54	10
579	t	55	10
591	t	56	10
656	f	61	86
657	f	61	87
658	f	61	142
659	f	61	143
660	f	61	144
661	f	61	145
603	t	57	10
354	t	36	14
626	t	59	14
638	t	60	14
650	t	61	14
556	t	53	14
668	f	62	19
669	f	62	91
670	f	62	146
671	f	62	147
672	f	62	148
673	f	62	149
651	t	61	17
616	t	58	17
580	t	55	17
568	t	54	17
592	t	56	17
604	t	57	17
662	t	62	26
674	t	63	26
557	t	53	100
628	t	59	100
640	t	60	100
652	t	61	100
663	t	62	100
675	t	63	100
617	t	58	35
581	t	55	35
593	t	56	35
605	t	57	35
664	t	62	44
676	t	63	44
629	t	59	53
641	t	60	53
653	t	61	53
677	t	63	66
665	t	62	66
558	t	53	101
618	t	58	106
582	t	55	106
570	t	54	106
642	t	60	79
654	t	61	79
666	t	62	120
678	t	63	120
559	t	53	27
619	t	58	131
571	t	54	131
583	t	55	131
643	t	60	45
655	t	61	45
631	t	59	45
667	t	62	61
680	f	63	19
681	f	63	91
682	f	63	20
683	f	63	21
684	f	63	22
685	f	63	150
692	f	64	19
693	f	64	91
694	f	64	20
695	f	64	21
696	f	64	22
697	f	64	150
704	f	65	19
705	f	65	91
706	f	65	20
707	f	65	21
708	f	65	22
709	f	65	150
716	f	66	19
717	f	66	91
718	f	66	20
719	f	66	21
720	f	66	22
721	f	66	150
728	f	67	19
729	f	67	91
730	f	67	20
731	f	67	21
732	f	67	22
733	f	67	150
639	t	60	17
627	t	59	17
710	t	66	26
686	t	64	26
698	t	65	26
722	t	67	26
740	f	68	151
741	f	68	152
742	f	68	153
743	f	68	154
744	f	68	155
745	f	68	156
711	t	66	100
699	t	65	100
723	t	67	100
687	t	64	100
751	f	69	157
752	f	69	37
753	f	69	102
754	f	69	38
755	f	69	39
756	f	69	40
757	f	69	158
734	t	68	35
438	t	43	35
569	t	54	35
760	f	70	72
763	f	70	125
764	f	70	46
765	f	70	107
766	f	70	47
767	f	70	48
768	f	70	49
769	f	70	159
775	f	71	125
776	f	71	46
777	f	71	107
778	f	71	47
779	f	71	48
780	f	71	49
781	f	71	159
786	f	72	36
787	f	72	125
788	f	72	46
789	f	72	107
790	f	72	47
791	f	72	48
792	f	72	49
793	f	72	159
799	f	73	125
800	f	73	46
801	f	73	107
802	f	73	47
803	f	73	48
804	f	73	49
805	f	73	159
735	t	68	44
746	t	69	44
712	t	66	44
724	t	67	44
164	t	20	44
700	t	65	44
116	t	16	44
688	t	64	44
806	f	74	60
747	t	69	53
794	t	73	53
782	t	72	53
736	t	68	60
771	t	71	60
795	t	73	60
783	t	72	60
759	t	70	60
807	t	74	66
713	t	66	66
748	t	69	66
701	t	65	66
725	t	67	66
689	t	64	66
796	t	73	72
772	t	71	72
737	t	68	101
749	t	69	106
797	t	73	111
773	t	71	111
785	t	72	111
761	t	70	111
702	t	65	120
714	t	66	120
726	t	67	120
690	t	64	120
738	t	68	27
750	t	69	131
774	t	71	36
798	t	73	36
679	t	63	61
703	t	65	61
715	t	66	61
727	t	67	61
691	t	64	61
739	t	68	73
811	f	74	132
812	f	74	55
813	f	74	112
814	f	74	56
815	f	74	57
816	f	74	58
817	f	74	160
770	t	71	53
758	t	70	53
820	f	75	106
823	f	75	80
824	f	75	62
825	f	75	116
826	f	75	63
827	f	75	64
828	f	75	65
829	f	75	161
835	f	76	80
836	f	76	62
837	f	76	116
838	f	76	63
839	f	76	64
840	f	76	65
841	f	76	161
847	f	77	80
848	f	77	62
849	f	77	116
850	f	77	63
851	f	77	64
852	f	77	65
853	f	77	161
859	f	78	80
860	f	78	62
861	f	78	116
862	f	78	63
863	f	78	64
864	f	78	65
865	f	78	161
868	f	79	106
871	f	79	80
872	f	79	62
873	f	79	116
874	f	79	63
875	f	79	64
876	f	79	65
877	f	79	161
883	f	80	86
884	f	80	68
885	f	80	121
886	f	80	69
887	f	80	70
888	f	80	71
889	f	80	162
895	f	81	86
896	f	81	68
897	f	81	121
898	f	81	69
899	f	81	70
900	f	81	71
901	f	81	162
907	f	82	86
908	f	82	68
909	f	82	121
910	f	82	69
911	f	82	70
912	f	82	71
913	f	82	162
830	t	76	66
854	t	78	66
842	t	77	66
919	f	83	86
920	f	83	68
921	f	83	121
922	f	83	69
923	f	83	70
924	f	83	71
925	f	83	162
818	t	75	66
866	t	79	66
931	f	84	163
932	f	84	74
933	f	84	164
934	f	84	75
935	f	84	76
936	f	84	77
937	f	84	165
890	t	81	72
902	t	82	72
914	t	83	72
831	t	76	72
878	t	80	72
843	t	77	72
855	t	78	72
867	t	79	72
819	t	75	72
784	t	72	72
926	t	84	101
915	t	83	101
903	t	82	101
891	t	81	101
879	t	80	101
403	t	40	101
832	t	76	106
856	t	78	106
844	t	77	106
927	t	84	106
916	t	83	111
904	t	82	111
892	t	81	111
880	t	80	111
928	t	84	79
809	t	74	79
833	t	76	85
845	t	77	85
857	t	78	85
869	t	79	85
881	t	80	120
893	t	81	120
905	t	82	120
917	t	83	120
929	t	84	18
810	t	74	45
846	t	77	54
858	t	78	54
834	t	76	54
822	t	75	54
870	t	79	54
918	t	83	61
882	t	80	61
906	t	82	61
930	t	84	67
808	t	74	101
943	f	85	19
944	f	85	166
945	f	85	167
946	f	85	168
947	f	85	169
948	f	85	170
949	f	85	171
938	t	85	106
954	f	86	125
955	f	86	151
956	f	86	133
957	f	86	134
958	f	86	172
959	f	86	173
960	f	86	174
961	f	86	175
966	f	87	125
967	f	87	151
968	f	87	133
969	f	87	134
970	f	87	172
971	f	87	173
972	f	87	174
973	f	87	175
978	f	88	125
979	f	88	151
980	f	88	133
981	f	88	134
982	f	88	172
983	f	88	173
984	f	88	174
985	f	88	175
990	f	89	125
991	f	89	151
992	f	89	133
993	f	89	134
994	f	89	172
995	f	89	173
996	f	89	174
997	f	89	175
1002	f	90	125
1003	f	90	151
1004	f	90	133
1005	f	90	134
1006	f	90	172
1007	f	90	173
1008	f	90	174
1009	f	90	175
939	t	85	111
630	t	59	79
974	t	88	79
986	t	89	79
950	t	86	79
962	t	87	79
998	t	90	79
987	t	89	85
975	t	88	85
940	t	85	85
951	t	86	85
821	t	75	85
963	t	87	85
999	t	90	85
1014	f	91	86
1015	f	91	55
1016	f	91	176
1017	f	91	146
1018	f	91	92
1019	f	91	93
1020	f	91	94
1021	f	91	177
1026	f	92	86
1027	f	92	55
1028	f	92	176
1029	f	92	146
1030	f	92	92
1031	f	92	93
1032	f	92	94
1033	f	92	177
535	t	51	120
1038	f	93	86
1039	f	93	55
1040	f	93	176
1041	f	93	146
1042	f	93	92
1043	f	93	93
1044	f	93	94
1045	f	93	177
1050	f	94	86
1051	f	94	55
1052	f	94	176
1053	f	94	146
1054	f	94	92
1055	f	94	93
1056	f	94	94
1057	f	94	177
1062	f	95	163
1063	f	95	62
1064	f	95	91
1065	f	95	20
1066	f	95	178
1067	f	95	179
1068	f	95	180
988	t	89	18
1010	t	91	18
1034	t	93	18
952	t	86	18
1000	t	90	18
1022	t	92	18
1046	t	94	18
1047	t	94	27
1023	t	92	27
1011	t	91	27
941	t	85	27
1035	t	93	27
1058	t	95	27
1059	t	95	131
1036	t	93	36
1012	t	91	36
989	t	89	36
977	t	88	36
953	t	86	36
965	t	87	36
1001	t	90	36
1048	t	94	36
1060	t	95	45
1013	t	91	61
1037	t	93	61
1025	t	92	61
1049	t	94	61
1061	t	95	67
942	t	85	73
1069	f	95	181
1074	f	96	163
1075	f	96	62
1076	f	96	91
1077	f	96	20
1078	f	96	178
1079	f	96	179
1080	f	96	180
1081	f	96	181
1086	f	97	163
1087	f	97	62
1088	f	97	91
1089	f	97	20
1090	f	97	178
1091	f	97	179
1092	f	97	180
1093	f	97	181
1098	f	98	163
1099	f	98	62
1100	f	98	91
1101	f	98	20
1102	f	98	178
1103	f	98	179
1104	f	98	180
1105	f	98	181
1110	f	99	163
1111	f	99	62
1112	f	99	91
1113	f	99	20
1114	f	99	178
1115	f	99	179
1116	f	99	180
1117	f	99	181
1122	f	100	163
1123	f	100	62
1124	f	100	91
1125	f	100	20
1126	f	100	178
1127	f	100	179
1128	f	100	180
1129	f	100	181
976	t	88	18
964	t	87	18
1082	t	97	27
1134	f	101	19
1135	f	101	68
1136	f	101	96
1137	f	101	29
1138	f	101	97
1139	f	101	98
1140	f	101	99
1141	f	101	182
1146	f	102	19
1147	f	102	68
1148	f	102	96
1149	f	102	29
1150	f	102	97
1151	f	102	98
1152	f	102	99
1153	f	102	182
1070	t	96	27
1094	t	98	27
1106	t	99	27
1118	t	100	27
1083	t	97	131
1157	f	103	157
1158	f	103	28
1159	f	103	74
1160	f	103	152
1161	f	103	153
1162	f	103	183
1163	f	103	184
1164	f	103	185
1165	f	103	186
1169	f	104	157
1170	f	104	28
1171	f	104	74
1172	f	104	152
1173	f	104	153
1174	f	104	183
1175	f	104	184
1176	f	104	185
1177	f	104	186
1181	f	105	157
1182	f	105	28
1183	f	105	74
1184	f	105	152
1185	f	105	153
1186	f	105	183
1187	f	105	184
1188	f	105	185
1189	f	105	186
1130	t	101	131
1142	t	102	131
1119	t	100	131
1107	t	99	131
1071	t	96	131
1095	t	98	131
1154	t	103	36
1131	t	101	36
1166	t	104	36
1143	t	102	36
1178	t	105	36
1193	f	106	125
1194	f	106	151
1195	f	106	166
1196	f	106	102
1197	f	106	38
1198	f	106	103
1199	f	106	104
1200	f	106	105
1201	f	106	187
1179	t	105	45
1190	t	106	45
1084	t	97	45
1108	t	99	45
1120	t	100	45
1072	t	96	45
1096	t	98	45
1191	t	106	54
1132	t	101	54
1144	t	102	54
1156	t	103	61
1168	t	104	61
1180	t	105	61
1085	t	97	67
1073	t	96	67
1097	t	98	67
1109	t	99	67
1121	t	100	67
1145	t	102	73
1133	t	101	73
1024	t	92	36
762	t	70	36
1205	f	107	132
1206	f	107	37
1207	f	107	126
1208	f	107	107
1209	f	107	47
1210	f	107	108
1211	f	107	109
1212	f	107	110
1213	f	107	188
1216	f	108	73
1217	f	108	132
1218	f	108	37
1219	f	108	126
1220	f	108	107
1221	f	108	47
1222	f	108	108
1223	f	108	109
1224	f	108	110
1225	f	108	188
1229	f	109	132
1230	f	109	37
1231	f	109	126
1232	f	109	107
1233	f	109	47
1234	f	109	108
1235	f	109	109
1236	f	109	110
1237	f	109	188
1155	t	103	45
1167	t	104	45
1241	f	110	132
1242	f	110	37
1243	f	110	126
1244	f	110	107
1245	f	110	47
1246	f	110	108
1247	f	110	109
1248	f	110	110
1249	f	110	188
1214	t	108	54
1226	t	109	54
1202	t	107	54
1238	t	110	54
1252	f	111	125
1253	f	111	86
1254	f	111	55
1255	f	111	81
1256	f	111	116
1257	f	111	63
1258	f	111	117
1259	f	111	118
1260	f	111	119
1261	f	111	189
1264	f	112	125
1265	f	112	86
1266	f	112	55
1267	f	112	81
1268	f	112	116
1269	f	112	63
1270	f	112	117
1271	f	112	118
1272	f	112	119
1273	f	112	189
894	t	81	61
1215	t	108	61
1203	t	107	61
1227	t	109	61
1239	t	110	61
237	t	26	67
1250	t	111	67
1262	t	112	67
1192	t	106	67
1275	f	113	157
1276	f	113	132
1277	f	113	163
1278	f	113	62
1279	f	113	87
1280	f	113	121
1281	f	113	69
1282	f	113	122
1283	f	113	123
1284	f	113	124
1285	f	113	190
1287	f	114	157
1288	f	114	132
1289	f	114	163
1290	f	114	62
1291	f	114	87
1292	f	114	121
1293	f	114	69
1294	f	114	122
1295	f	114	123
1296	f	114	124
1297	f	114	190
1299	f	115	157
1300	f	115	132
1301	f	115	163
1302	f	115	62
1303	f	115	87
1304	f	115	121
1305	f	115	69
1306	f	115	122
1307	f	115	123
1308	f	115	124
1309	f	115	190
1310	f	116	73
1311	f	116	157
1312	f	116	132
1313	f	116	163
1314	f	116	62
1315	f	116	87
1316	f	116	121
1317	f	116	69
1318	f	116	122
1319	f	116	123
1320	f	116	124
1321	f	116	190
1322	f	117	157
1323	f	117	125
1324	f	117	80
1325	f	117	19
1326	f	117	68
1327	f	117	176
1328	f	117	164
1329	f	117	75
1251	t	111	73
1298	t	115	73
1286	t	114	73
1274	t	113	73
1204	t	107	73
1228	t	109	73
1240	t	110	73
1330	f	117	191
1331	f	117	192
1332	f	117	193
1333	f	117	194
1263	t	112	73
1334	f	118	157
1335	f	118	125
1336	f	118	80
1337	f	118	19
1338	f	118	68
1339	f	118	176
1340	f	118	164
1341	f	118	75
1342	f	118	191
1343	f	118	192
1344	f	118	193
1345	f	118	194
\.


--
-- Data for Name: memory_reviewdate; Type: TABLE DATA; Schema: public; Owner: postgres
--

COPY public.memory_reviewdate (id, date) FROM stdin;
1	2023-08-21
2	2023-08-22
3	2023-08-23
4	2023-08-27
5	2023-09-03
6	2023-09-18
7	2023-08-24
8	2023-08-28
9	2023-09-04
10	2023-09-19
11	2023-08-25
12	2023-08-29
13	2023-09-05
14	2023-09-20
15	2023-08-26
16	2023-09-12
17	2023-09-21
18	2023-10-06
19	2023-10-21
20	2023-11-20
21	2023-12-20
22	2024-01-19
23	2023-08-30
24	2023-09-06
25	2023-09-13
26	2023-09-22
27	2023-10-07
28	2023-10-22
29	2023-11-21
30	2023-12-21
31	2024-01-20
32	2023-09-01
33	2023-09-08
34	2023-09-15
35	2023-09-24
36	2023-10-09
37	2023-10-24
38	2023-11-23
39	2023-12-23
40	2024-01-22
41	2023-09-02
42	2023-09-09
43	2023-09-16
44	2023-09-25
45	2023-10-10
46	2023-10-25
47	2023-11-24
48	2023-12-24
49	2024-01-23
50	2023-08-31
51	2023-09-10
52	2023-09-17
53	2023-09-26
54	2023-10-11
55	2023-10-26
56	2023-11-25
57	2023-12-25
58	2024-01-24
59	2023-09-11
60	2023-09-27
61	2023-10-12
62	2023-10-27
63	2023-11-26
64	2023-12-26
65	2024-01-25
66	2023-09-28
67	2023-10-13
68	2023-10-28
69	2023-11-27
70	2023-12-27
71	2024-01-26
72	2023-09-29
73	2023-10-14
74	2023-10-29
75	2023-11-28
76	2023-12-28
77	2024-01-27
78	2023-09-07
79	2023-10-03
80	2023-10-18
81	2023-11-02
82	2023-12-02
83	2024-01-01
84	2024-01-31
85	2023-10-04
86	2023-10-19
87	2023-11-03
88	2023-12-03
89	2024-01-02
90	2024-02-01
91	2023-11-05
92	2023-12-04
93	2024-01-03
94	2024-02-02
95	2023-09-14
96	2023-11-06
97	2023-12-06
98	2024-01-05
99	2024-02-04
100	2023-09-23
101	2023-09-30
102	2023-11-08
103	2023-12-08
104	2024-01-07
105	2024-02-06
106	2023-10-01
107	2023-11-09
108	2023-12-09
109	2024-01-08
110	2024-02-07
111	2023-10-02
112	2023-11-10
113	2023-12-10
114	2024-01-09
115	2024-02-08
116	2023-11-11
117	2023-12-11
118	2024-01-10
119	2024-02-09
120	2023-10-05
121	2023-11-12
122	2023-12-12
123	2024-01-11
124	2024-02-10
125	2023-10-16
126	2023-10-31
127	2023-11-15
128	2023-12-15
129	2024-01-14
130	2024-02-13
131	2023-10-08
132	2023-10-17
133	2023-11-01
134	2023-11-16
135	2023-12-16
136	2024-01-15
137	2024-02-14
138	2023-11-17
139	2023-12-17
140	2024-01-16
141	2024-02-15
142	2023-11-18
143	2023-12-18
144	2024-01-17
145	2024-02-16
146	2023-11-19
147	2023-12-19
148	2024-01-18
149	2024-02-17
150	2024-02-18
151	2023-10-23
152	2023-11-07
153	2023-11-22
154	2023-12-22
155	2024-01-21
156	2024-02-20
157	2023-10-15
158	2024-02-21
159	2024-02-22
160	2024-02-23
161	2024-02-24
162	2024-02-25
163	2023-10-20
164	2023-11-13
165	2024-02-26
166	2023-10-30
167	2023-11-14
168	2023-11-29
169	2023-12-29
170	2024-01-28
171	2024-02-27
172	2023-12-01
173	2023-12-31
174	2024-01-30
175	2024-02-29
176	2023-11-04
177	2024-03-03
178	2023-12-05
179	2024-01-04
180	2024-02-03
181	2024-03-04
182	2024-03-05
183	2023-12-07
184	2024-01-06
185	2024-02-05
186	2024-03-06
187	2024-03-07
188	2024-03-08
189	2024-03-10
190	2024-03-11
191	2023-12-13
192	2024-01-12
193	2024-02-11
194	2024-03-12
\.


--
-- Name: auth_group_id_seq; Type: SEQUENCE SET; Schema: public; Owner: postgres
--

SELECT pg_catalog.setval('public.auth_group_id_seq', 1, false);


--
-- Name: auth_group_permissions_id_seq; Type: SEQUENCE SET; Schema: public; Owner: postgres
--

SELECT pg_catalog.setval('public.auth_group_permissions_id_seq', 1, false);


--
-- Name: auth_permission_id_seq; Type: SEQUENCE SET; Schema: public; Owner: postgres
--

SELECT pg_catalog.setval('public.auth_permission_id_seq', 36, true);


--
-- Name: auth_user_groups_id_seq; Type: SEQUENCE SET; Schema: public; Owner: postgres
--

SELECT pg_catalog.setval('public.auth_user_groups_id_seq', 1, false);


--
-- Name: auth_user_id_seq; Type: SEQUENCE SET; Schema: public; Owner: postgres
--

SELECT pg_catalog.setval('public.auth_user_id_seq', 1, false);


--
-- Name: auth_user_user_permissions_id_seq; Type: SEQUENCE SET; Schema: public; Owner: postgres
--

SELECT pg_catalog.setval('public.auth_user_user_permissions_id_seq', 1, false);


--
-- Name: django_admin_log_id_seq; Type: SEQUENCE SET; Schema: public; Owner: postgres
--

SELECT pg_catalog.setval('public.django_admin_log_id_seq', 1, false);


--
-- Name: django_content_type_id_seq; Type: SEQUENCE SET; Schema: public; Owner: postgres
--

SELECT pg_catalog.setval('public.django_content_type_id_seq', 9, true);


--
-- Name: django_migrations_id_seq; Type: SEQUENCE SET; Schema: public; Owner: postgres
--

SELECT pg_catalog.setval('public.django_migrations_id_seq', 19, true);


--
-- Name: memory_memory_id_seq; Type: SEQUENCE SET; Schema: public; Owner: postgres
--

SELECT pg_catalog.setval('public.memory_memory_id_seq', 118, true);


--
-- Name: memory_memoryreview_id_seq; Type: SEQUENCE SET; Schema: public; Owner: postgres
--

SELECT pg_catalog.setval('public.memory_memoryreview_id_seq', 1345, true);


--
-- Name: memory_reviewdate_id_seq; Type: SEQUENCE SET; Schema: public; Owner: postgres
--

SELECT pg_catalog.setval('public.memory_reviewdate_id_seq', 194, true);


--
-- Name: auth_group auth_group_name_key; Type: CONSTRAINT; Schema: public; Owner: postgres
--

ALTER TABLE ONLY public.auth_group
    ADD CONSTRAINT auth_group_name_key UNIQUE (name);


--
-- Name: auth_group_permissions auth_group_permissions_group_id_permission_id_0cd325b0_uniq; Type: CONSTRAINT; Schema: public; Owner: postgres
--

ALTER TABLE ONLY public.auth_group_permissions
    ADD CONSTRAINT auth_group_permissions_group_id_permission_id_0cd325b0_uniq UNIQUE (group_id, permission_id);


--
-- Name: auth_group_permissions auth_group_permissions_pkey; Type: CONSTRAINT; Schema: public; Owner: postgres
--

ALTER TABLE ONLY public.auth_group_permissions
    ADD CONSTRAINT auth_group_permissions_pkey PRIMARY KEY (id);


--
-- Name: auth_group auth_group_pkey; Type: CONSTRAINT; Schema: public; Owner: postgres
--

ALTER TABLE ONLY public.auth_group
    ADD CONSTRAINT auth_group_pkey PRIMARY KEY (id);


--
-- Name: auth_permission auth_permission_content_type_id_codename_01ab375a_uniq; Type: CONSTRAINT; Schema: public; Owner: postgres
--

ALTER TABLE ONLY public.auth_permission
    ADD CONSTRAINT auth_permission_content_type_id_codename_01ab375a_uniq UNIQUE (content_type_id, codename);


--
-- Name: auth_permission auth_permission_pkey; Type: CONSTRAINT; Schema: public; Owner: postgres
--

ALTER TABLE ONLY public.auth_permission
    ADD CONSTRAINT auth_permission_pkey PRIMARY KEY (id);


--
-- Name: auth_user_groups auth_user_groups_pkey; Type: CONSTRAINT; Schema: public; Owner: postgres
--

ALTER TABLE ONLY public.auth_user_groups
    ADD CONSTRAINT auth_user_groups_pkey PRIMARY KEY (id);


--
-- Name: auth_user_groups auth_user_groups_user_id_group_id_94350c0c_uniq; Type: CONSTRAINT; Schema: public; Owner: postgres
--

ALTER TABLE ONLY public.auth_user_groups
    ADD CONSTRAINT auth_user_groups_user_id_group_id_94350c0c_uniq UNIQUE (user_id, group_id);


--
-- Name: auth_user auth_user_pkey; Type: CONSTRAINT; Schema: public; Owner: postgres
--

ALTER TABLE ONLY public.auth_user
    ADD CONSTRAINT auth_user_pkey PRIMARY KEY (id);


--
-- Name: auth_user_user_permissions auth_user_user_permissions_pkey; Type: CONSTRAINT; Schema: public; Owner: postgres
--

ALTER TABLE ONLY public.auth_user_user_permissions
    ADD CONSTRAINT auth_user_user_permissions_pkey PRIMARY KEY (id);


--
-- Name: auth_user_user_permissions auth_user_user_permissions_user_id_permission_id_14a6b632_uniq; Type: CONSTRAINT; Schema: public; Owner: postgres
--

ALTER TABLE ONLY public.auth_user_user_permissions
    ADD CONSTRAINT auth_user_user_permissions_user_id_permission_id_14a6b632_uniq UNIQUE (user_id, permission_id);


--
-- Name: auth_user auth_user_username_key; Type: CONSTRAINT; Schema: public; Owner: postgres
--

ALTER TABLE ONLY public.auth_user
    ADD CONSTRAINT auth_user_username_key UNIQUE (username);


--
-- Name: django_admin_log django_admin_log_pkey; Type: CONSTRAINT; Schema: public; Owner: postgres
--

ALTER TABLE ONLY public.django_admin_log
    ADD CONSTRAINT django_admin_log_pkey PRIMARY KEY (id);


--
-- Name: django_content_type django_content_type_app_label_model_76bd3d3b_uniq; Type: CONSTRAINT; Schema: public; Owner: postgres
--

ALTER TABLE ONLY public.django_content_type
    ADD CONSTRAINT django_content_type_app_label_model_76bd3d3b_uniq UNIQUE (app_label, model);


--
-- Name: django_content_type django_content_type_pkey; Type: CONSTRAINT; Schema: public; Owner: postgres
--

ALTER TABLE ONLY public.django_content_type
    ADD CONSTRAINT django_content_type_pkey PRIMARY KEY (id);


--
-- Name: django_migrations django_migrations_pkey; Type: CONSTRAINT; Schema: public; Owner: postgres
--

ALTER TABLE ONLY public.django_migrations
    ADD CONSTRAINT django_migrations_pkey PRIMARY KEY (id);


--
-- Name: django_session django_session_pkey; Type: CONSTRAINT; Schema: public; Owner: postgres
--

ALTER TABLE ONLY public.django_session
    ADD CONSTRAINT django_session_pkey PRIMARY KEY (session_key);


--
-- Name: memory_memory memory_memory_pkey; Type: CONSTRAINT; Schema: public; Owner: postgres
--

ALTER TABLE ONLY public.memory_memory
    ADD CONSTRAINT memory_memory_pkey PRIMARY KEY (id);


--
-- Name: memory_memoryreview memory_memoryreview_pkey; Type: CONSTRAINT; Schema: public; Owner: postgres
--

ALTER TABLE ONLY public.memory_memoryreview
    ADD CONSTRAINT memory_memoryreview_pkey PRIMARY KEY (id);


--
-- Name: memory_reviewdate memory_reviewdate_pkey; Type: CONSTRAINT; Schema: public; Owner: postgres
--

ALTER TABLE ONLY public.memory_reviewdate
    ADD CONSTRAINT memory_reviewdate_pkey PRIMARY KEY (id);


--
-- Name: auth_group_name_a6ea08ec_like; Type: INDEX; Schema: public; Owner: postgres
--

CREATE INDEX auth_group_name_a6ea08ec_like ON public.auth_group USING btree (name varchar_pattern_ops);


--
-- Name: auth_group_permissions_group_id_b120cbf9; Type: INDEX; Schema: public; Owner: postgres
--

CREATE INDEX auth_group_permissions_group_id_b120cbf9 ON public.auth_group_permissions USING btree (group_id);


--
-- Name: auth_group_permissions_permission_id_84c5c92e; Type: INDEX; Schema: public; Owner: postgres
--

CREATE INDEX auth_group_permissions_permission_id_84c5c92e ON public.auth_group_permissions USING btree (permission_id);


--
-- Name: auth_permission_content_type_id_2f476e4b; Type: INDEX; Schema: public; Owner: postgres
--

CREATE INDEX auth_permission_content_type_id_2f476e4b ON public.auth_permission USING btree (content_type_id);


--
-- Name: auth_user_groups_group_id_97559544; Type: INDEX; Schema: public; Owner: postgres
--

CREATE INDEX auth_user_groups_group_id_97559544 ON public.auth_user_groups USING btree (group_id);


--
-- Name: auth_user_groups_user_id_6a12ed8b; Type: INDEX; Schema: public; Owner: postgres
--

CREATE INDEX auth_user_groups_user_id_6a12ed8b ON public.auth_user_groups USING btree (user_id);


--
-- Name: auth_user_user_permissions_permission_id_1fbb5f2c; Type: INDEX; Schema: public; Owner: postgres
--

CREATE INDEX auth_user_user_permissions_permission_id_1fbb5f2c ON public.auth_user_user_permissions USING btree (permission_id);


--
-- Name: auth_user_user_permissions_user_id_a95ead1b; Type: INDEX; Schema: public; Owner: postgres
--

CREATE INDEX auth_user_user_permissions_user_id_a95ead1b ON public.auth_user_user_permissions USING btree (user_id);


--
-- Name: auth_user_username_6821ab7c_like; Type: INDEX; Schema: public; Owner: postgres
--

CREATE INDEX auth_user_username_6821ab7c_like ON public.auth_user USING btree (username varchar_pattern_ops);


--
-- Name: django_admin_log_content_type_id_c4bce8eb; Type: INDEX; Schema: public; Owner: postgres
--

CREATE INDEX django_admin_log_content_type_id_c4bce8eb ON public.django_admin_log USING btree (content_type_id);


--
-- Name: django_admin_log_user_id_c564eba6; Type: INDEX; Schema: public; Owner: postgres
--

CREATE INDEX django_admin_log_user_id_c564eba6 ON public.django_admin_log USING btree (user_id);


--
-- Name: django_session_expire_date_a5c62663; Type: INDEX; Schema: public; Owner: postgres
--

CREATE INDEX django_session_expire_date_a5c62663 ON public.django_session USING btree (expire_date);


--
-- Name: django_session_session_key_c0390e0f_like; Type: INDEX; Schema: public; Owner: postgres
--

CREATE INDEX django_session_session_key_c0390e0f_like ON public.django_session USING btree (session_key varchar_pattern_ops);


--
-- Name: memory_memoryreview_memory_id_98c6e9b0; Type: INDEX; Schema: public; Owner: postgres
--

CREATE INDEX memory_memoryreview_memory_id_98c6e9b0 ON public.memory_memoryreview USING btree (memory_id);


--
-- Name: memory_memoryreview_review_date_id_9d3fb61f; Type: INDEX; Schema: public; Owner: postgres
--

CREATE INDEX memory_memoryreview_review_date_id_9d3fb61f ON public.memory_memoryreview USING btree (review_date_id);


--
-- Name: auth_group_permissions auth_group_permissio_permission_id_84c5c92e_fk_auth_perm; Type: FK CONSTRAINT; Schema: public; Owner: postgres
--

ALTER TABLE ONLY public.auth_group_permissions
    ADD CONSTRAINT auth_group_permissio_permission_id_84c5c92e_fk_auth_perm FOREIGN KEY (permission_id) REFERENCES public.auth_permission(id) DEFERRABLE INITIALLY DEFERRED;


--
-- Name: auth_group_permissions auth_group_permissions_group_id_b120cbf9_fk_auth_group_id; Type: FK CONSTRAINT; Schema: public; Owner: postgres
--

ALTER TABLE ONLY public.auth_group_permissions
    ADD CONSTRAINT auth_group_permissions_group_id_b120cbf9_fk_auth_group_id FOREIGN KEY (group_id) REFERENCES public.auth_group(id) DEFERRABLE INITIALLY DEFERRED;


--
-- Name: auth_permission auth_permission_content_type_id_2f476e4b_fk_django_co; Type: FK CONSTRAINT; Schema: public; Owner: postgres
--

ALTER TABLE ONLY public.auth_permission
    ADD CONSTRAINT auth_permission_content_type_id_2f476e4b_fk_django_co FOREIGN KEY (content_type_id) REFERENCES public.django_content_type(id) DEFERRABLE INITIALLY DEFERRED;


--
-- Name: auth_user_groups auth_user_groups_group_id_97559544_fk_auth_group_id; Type: FK CONSTRAINT; Schema: public; Owner: postgres
--

ALTER TABLE ONLY public.auth_user_groups
    ADD CONSTRAINT auth_user_groups_group_id_97559544_fk_auth_group_id FOREIGN KEY (group_id) REFERENCES public.auth_group(id) DEFERRABLE INITIALLY DEFERRED;


--
-- Name: auth_user_groups auth_user_groups_user_id_6a12ed8b_fk_auth_user_id; Type: FK CONSTRAINT; Schema: public; Owner: postgres
--

ALTER TABLE ONLY public.auth_user_groups
    ADD CONSTRAINT auth_user_groups_user_id_6a12ed8b_fk_auth_user_id FOREIGN KEY (user_id) REFERENCES public.auth_user(id) DEFERRABLE INITIALLY DEFERRED;


--
-- Name: auth_user_user_permissions auth_user_user_permi_permission_id_1fbb5f2c_fk_auth_perm; Type: FK CONSTRAINT; Schema: public; Owner: postgres
--

ALTER TABLE ONLY public.auth_user_user_permissions
    ADD CONSTRAINT auth_user_user_permi_permission_id_1fbb5f2c_fk_auth_perm FOREIGN KEY (permission_id) REFERENCES public.auth_permission(id) DEFERRABLE INITIALLY DEFERRED;


--
-- Name: auth_user_user_permissions auth_user_user_permissions_user_id_a95ead1b_fk_auth_user_id; Type: FK CONSTRAINT; Schema: public; Owner: postgres
--

ALTER TABLE ONLY public.auth_user_user_permissions
    ADD CONSTRAINT auth_user_user_permissions_user_id_a95ead1b_fk_auth_user_id FOREIGN KEY (user_id) REFERENCES public.auth_user(id) DEFERRABLE INITIALLY DEFERRED;


--
-- Name: django_admin_log django_admin_log_content_type_id_c4bce8eb_fk_django_co; Type: FK CONSTRAINT; Schema: public; Owner: postgres
--

ALTER TABLE ONLY public.django_admin_log
    ADD CONSTRAINT django_admin_log_content_type_id_c4bce8eb_fk_django_co FOREIGN KEY (content_type_id) REFERENCES public.django_content_type(id) DEFERRABLE INITIALLY DEFERRED;


--
-- Name: django_admin_log django_admin_log_user_id_c564eba6_fk_auth_user_id; Type: FK CONSTRAINT; Schema: public; Owner: postgres
--

ALTER TABLE ONLY public.django_admin_log
    ADD CONSTRAINT django_admin_log_user_id_c564eba6_fk_auth_user_id FOREIGN KEY (user_id) REFERENCES public.auth_user(id) DEFERRABLE INITIALLY DEFERRED;


--
-- Name: memory_memoryreview memory_memoryreview_memory_id_98c6e9b0_fk_memory_memory_id; Type: FK CONSTRAINT; Schema: public; Owner: postgres
--

ALTER TABLE ONLY public.memory_memoryreview
    ADD CONSTRAINT memory_memoryreview_memory_id_98c6e9b0_fk_memory_memory_id FOREIGN KEY (memory_id) REFERENCES public.memory_memory(id) DEFERRABLE INITIALLY DEFERRED;


--
-- Name: memory_memoryreview memory_memoryreview_review_date_id_9d3fb61f_fk_memory_re; Type: FK CONSTRAINT; Schema: public; Owner: postgres
--

ALTER TABLE ONLY public.memory_memoryreview
    ADD CONSTRAINT memory_memoryreview_review_date_id_9d3fb61f_fk_memory_re FOREIGN KEY (review_date_id) REFERENCES public.memory_reviewdate(id) DEFERRABLE INITIALLY DEFERRED;


--
-- PostgreSQL database dump complete
--

